-- phpMyAdmin SQL Dump
-- version 5.0.4
-- https://www.phpmyadmin.net/
--
-- Servidor: 127.0.0.1
-- Tiempo de generación: 23-03-2022 a las 20:58:13
-- Versión del servidor: 10.4.16-MariaDB
-- Versión de PHP: 7.4.12

SET SQL_MODE = "NO_AUTO_VALUE_ON_ZERO";
START TRANSACTION;
SET time_zone = "+00:00";


/*!40101 SET @OLD_CHARACTER_SET_CLIENT=@@CHARACTER_SET_CLIENT */;
/*!40101 SET @OLD_CHARACTER_SET_RESULTS=@@CHARACTER_SET_RESULTS */;
/*!40101 SET @OLD_COLLATION_CONNECTION=@@COLLATION_CONNECTION */;
/*!40101 SET NAMES utf8mb4 */;

--
-- Base de datos: `merced_db`
--

-- --------------------------------------------------------

--
-- Estructura de tabla para la tabla `admon_file`
--

CREATE TABLE `admon_file` (
  `id_admon` int(10) UNSIGNED NOT NULL,
  `id_organization` int(10) UNSIGNED NOT NULL,
  `constitutive_act` varchar(10) NOT NULL,
  `fiscal_constance` varchar(10) NOT NULL,
  `compliance_opinion` varchar(10) NOT NULL,
  `curp` varchar(10) NOT NULL,
  `rfc` varchar(10) NOT NULL,
  `address_voucher` varchar(10) NOT NULL,
  `account_status` varchar(10) NOT NULL,
  `official_id` varchar(10) NOT NULL,
  `legal_power` varchar(10) NOT NULL,
  `update_date` varchar(10) NOT NULL,
  `register` varchar(100) NOT NULL
) ENGINE=InnoDB DEFAULT CHARSET=utf8mb4;

-- --------------------------------------------------------

--
-- Estructura de tabla para la tabla `consultor`
--

CREATE TABLE `consultor` (
  `id_consultor` int(10) UNSIGNED NOT NULL,
  `full_name` varchar(100) NOT NULL,
  `rfc` varchar(13) NOT NULL,
  `prof_speciality` varchar(1000) NOT NULL,
  `phone` varchar(10) NOT NULL,
  `phone2` varchar(10) NOT NULL,
  `email` varchar(45) NOT NULL,
  `postal_code` tinytext NOT NULL,
  `register` varchar(100) NOT NULL
) ENGINE=InnoDB DEFAULT CHARSET=utf8mb4;

--
-- Volcado de datos para la tabla `consultor`
--

INSERT INTO `consultor` (`id_consultor`, `full_name`, `rfc`, `prof_speciality`, `phone`, `phone2`, `email`, `postal_code`, `register`) VALUES
(1, 'NO APLICA', 'XXXX000000XXX', 'VOLUNTARIADO', '1000000000', '', 'noaplica@noaplica', '10000', 'h.rementeria@fundacionmerced.org.mx'),
(2, 'ANA MARIA LEON MIRAVALLES', 'LEMA720603CU4', '', '5554053128', '', 'amaria.leon@gmail.com', '1900', ''),
(3, 'ARELI AGUILAR SANCHEZ', 'AUSA890922A77', '', '5554044525', '', 'areli.aguilar.sa@gmail.com', '6400', ''),
(4, 'MARIA ASTRID CARRILLO ABREGO', 'CAAA820330FB8', '', '5539145246', '', 'carrilloastrid@gmail.com', '3000', ''),
(5, 'JOSE ERNESTO BERMEJO JIMENEZ', 'AAC140708BE5', 'CONSITITUCIÓN LEGAL Y TRÁMITE DE DONATARIAS AUTORIZADAS', '5549098018', '', 'jose.ernesto.bermejo@coeoconsultores.com', '4100', ''),
(6, 'MARIA FERNANDA GUILLEN RODRIGUEZ', 'GURF770427177', '', '5537225797', '', 'maferguillen@gmail.com', '54030', ''),
(7, 'FELICIDAD MAGDALENA LEON HERNANDEZ', 'LEHF730221NH7', '', '5541775257', '', 'magdalena.leon@fundacionmerced.org.mx', '14310', ''),
(8, 'MARISOL ESTELA MONROY VAZQUEZ', 'MOVM8202082X0', '', '5549024160', '', 'm.monroy@fundacionmerced.org.mx', '2080', ''),
(9, 'COSIPE, S.C. (JOSE MANUEL MALVIDO-CARLOS PIÑA)', 'COS1112137L3', '', '5551076091', '', 'jmalvido@modumconsultores.mx', '11910', ''),
(10, 'ANDREA TAPIA ALVAREZ', 'TAAA770515TY2', '', '5554020511', '', 'andrea.tapia.alvarez@gmail.com', '3900', ''),
(11, 'JULIAN POSSO CUELLAR', 'POCJ771221SRA', '', '5554593245', '', 'JULIANPOSSO@GMAIL.COM', '2080', ''),
(12, 'CARLOS GABRIEL CHAVEZ BECKER', 'CABC780913647', '', '5527285418', '', 'c.chavez@correo.ler.uam.mx', '14260', ''),
(13, 'CÍCLICA CONSULTORÍA (RENATA RUELAS ROMO Y REG', 'RURR7709013E2', '', '5520788152', '', 'ciclicaconsultoria@gmail.com', '3300', ''),
(14, 'JAIME JAVIER LOPEZ MEJIA', 'LOMJ570614GH9', '', '5518486000', '', 'jaimelopezmejia@hotmail.com', '11400', ''),
(15, 'ASOCIACION ALTER INT DE LA PENINSULA DE YUCAT', 'AAI140816CX9', '', '9851034263', '', 'raulchucho@hotmail.com', '97780', ''),
(16, 'COLECTIVO DE DISEÃ‘O RUPTIVO (CRISTINA YOSHIDA', 'YOFC840426NV7', '', '3311433456', '', 'cristina@disenodisruptivo.com', '44648', ''),
(17, 'RODRIGO BUSTAMANTE IGARTUA', 'BUIR810309HT5', '|DESARROLLO DE PROYECTO INSTITUCIONAL,MODELO DE INTERVENCIÓN|', '5534989980', '', 'rod.busigar@gmail.com', '1780', 'e.estrada@fundacionmerced.org.mx'),
(18, 'LORENZO GOMEZ MORÍN', 'GOFL571120HDF', 'MODELO DE INTERVENCIÓN', '5554025920', '', 'lorenzo.gomezmorin@gmail.com', '22820', 's.palestino@fundacionmerced.org.mx'),
(19, 'FEDERICO GERMAN ARELLANO ORTIZ', 'FME930525J6A', 'INNOVACIÓN Y EMPRENDIMIENTO SOCIAL', '4424670717', '', 'fede@tpbg.org', '76165', 's.palestino@fundacionmerced.org.mx'),
(20, 'LETICIA MARTINEZ GIL - FUNDACION ZICARO', 'FZI0507304B7', 'LIDERAZGO', '5531261518', '', 'leticia@zicaro.org', '2099', 's.palestino@fundacionmerced.org.mx'),
(21, 'NATHALIE SEGUIN TOVAR', 'SETN721024A66', 'MODELO DE INTERVENCIÓN', '5511288747', '', 'fanmexnathalie@gmail.com', '11560', 's.palestino@fundacionmerced.org.mx'),
(22, 'PEDAZO POR PEDAZO UN MUNDO MEJOR PHILANTROPIE', 'PPU170606ML6', 'ECONOMÍA CIRCULAR', '1612159150', '', 'martha.marquez@philanthropiece.org', '22600', 's.palestino@fundacionmerced.org.mx'),
(23, 'LAURA MENDOZA MARTINEZ', 'MEML7003064X9', 'MOVILIZACIÓN DE RECURSOS', '5554701398', '', 'lafer27consultor@gmail.com', '4250', 'r.trejo@fundacionmerced.org.mx'),
(24, 'LUCIA DEL CARMEN REBOLLO ARANA', 'REAL820306S92', '|GESTIÓN DEL TALENTO HUMANO,LIDERAZGO|', '5543430358', '', 'l.rebollo@fundacionmerced.org.mx', '1760', 'r.trejo@fundacionmerced.org.mx'),
(25, 'MAPY VILLALOBOS DIAZ', 'VIDM890706AU1', 'COMUNICACIÓN EXTERNA E INTERNA', '5517471326', '', 'mapy.villalobos@gmail.com', '42830', 'r.trejo@fundacionmerced.org.mx'),
(26, 'SANDRA SÁNCHEZ SERRANO', 'SASS871008F88', '|DESARROLLO DE PROYECTO INSTITUCIONAL,GESTIÓN DEL TALENTO HUMANO|', '56 1522 33', '', 'sandra.sanchez.serrano@gmail.com', '11230', 'd.hernandez@fundacionmerced.org.mx'),
(27, 'ENFORCEMENT CAPITAL, S.C (PAULINA CAMARENA)', 'ECA190328737', 'MOVILIZACIÓN DE RECURSOS', '5533152743', '', 'bpaulinacamarena@gmail.com', '14410', 'r.trejo@fundacionmerced.org.mx'),
(28, 'CO-INCIDE INCIDENCIA SOCIAL Y EVALUACION(CITLALI TUERO)', 'CIS200605PA2', 'MODELO DE INTERVENCIÓN', '5522710584', '', 'citlalituero@gmail.com', '11800', 'r.trejo@fundacionmerced.org.mx'),
(29, 'CARMEN MARIA RODRIGUEZ ESTRADA', 'ROEC850713AL7', 'VOLUNTARIADO', '0', '', 'carmen.mre@gmail.com', '11830', 'r.trejo@fundacionmerced.org.mx'),
(30, 'DENNI BOLIVAR OCHOA ', 'NOHAYINFORMAC', '|LIDERAZGO,MODELO DE INTERVENCIÓN,PLANEACIÓN ESTRATÉGICA,PLANEACIÓN OPERATIVA ANUAL,SISTEMAS DE EVALUACIÓN Y MONITOREO|', '5552758836', '', 'NOHAY@xn--informacin-obb', 'NO LO', 'r.trejo@fundacionmerced.org.mx'),
(31, 'ENRIQUE MARTÍN MORENO ', '0', '|DESARROLLO DE PROYECTOS SOCIALES CON ENFOQUE DE MARCO LÓGICO,LIDERAZGO|', '0', '', 'enrique@martin-moreno.com', '0', 'r.trejo@fundacionmerced.org.mx'),
(32, 'ZARA SNAP', 'NOHAYDATOSPAR', 'ADMINISTRACIÓN Y FINANZAS PARA OSC', '55 54 53 3', '', 'zsnapp@kaluz.com', '1', 'r.trejo@fundacionmerced.org.mx'),
(33, 'MARGARITA NUÑEZ CHAIM', 'MARGARITA NUÑ', 'INNOVACIÓN Y EMPRENDIMIENTO SOCIAL', '5556625400', '', 'magui.nunezchaim@gmail.com', '104', 'r.trejo@fundacionmerced.org.mx'),
(34, 'LETICIA MARTINEZ GIL', 'MRGLLT680316M', 'DESARROLLO DE PROYECTOS SOCIALES CON ENFOQUE DE MARCO LÓGICO', ' 55 312615', '', 'leticia@zicaro.org', '2080', 'r.trejo@fundacionmerced.org.mx'),
(35, 'INNOVACIÓN CON PROPÓSITO S.C.', 'PR160902B12 ', '|DESIGN THINKING Y CO-CREACIÓN,ECONOMÍA CIRCULAR,INNOVACIÓN Y EMPRENDIMIENTO SOCIAL|', '55 7822 98', '', 'emmanuel@cirklo.mx', '6760', 'r.trejo@fundacionmerced.org.mx');

-- --------------------------------------------------------

--
-- Estructura de tabla para la tabla `contact`
--

CREATE TABLE `contact` (
  `id_contact` int(10) UNSIGNED NOT NULL,
  `first_name` varchar(45) NOT NULL,
  `middle_name` varchar(45) NOT NULL,
  `last_name` varchar(45) NOT NULL,
  `position` varchar(45) NOT NULL,
  `phone_number` varchar(10) NOT NULL,
  `phone_number2` varchar(10) NOT NULL,
  `email` varchar(45) NOT NULL,
  `id_organization` int(10) UNSIGNED NOT NULL,
  `register` varchar(100) NOT NULL
) ENGINE=InnoDB DEFAULT CHARSET=utf8mb4;

-- --------------------------------------------------------

--
-- Estructura de tabla para la tabla `employee`
--

CREATE TABLE `employee` (
  `id_employee` int(10) UNSIGNED NOT NULL,
  `employee_name` varchar(45) NOT NULL,
  `middle_name` varchar(45) NOT NULL,
  `last_name` varchar(45) NOT NULL,
  `email` varchar(45) NOT NULL,
  `password` varchar(45) NOT NULL
) ENGINE=InnoDB DEFAULT CHARSET=utf8mb4;

--
-- Volcado de datos para la tabla `employee`
--

INSERT INTO `employee` (`id_employee`, `employee_name`, `middle_name`, `last_name`, `email`, `password`) VALUES
(1, 'MARÍA VICTORIA', 'CARDIN', 'MARTINELLI', 'v.cardin@fundacionmerced.org.mx', 'vcardin123!'),
(2, 'DALIA FABIOLA', 'HERNÁNDEZ', 'ESCAMILLA', 'd.hernandez@fundacionmerced.org.mx', 'dhernandez456!'),
(3, 'ANA RUTH', 'TREJO', 'GALBÁN', 'r.trejo@fundacionmerced.org.mx', 'rtrejo789!'),
(4, 'EDUARDO', 'ESTRADA', 'QUIROZ', 'e.estrada@fundacionmerced.org.mx', 'eestrada123@'),
(5, 'SILVIA', 'PALESTINO', 'LARA', 's.palestino@fundacionmerced.org.mx', 'spalestino456@'),
(6, 'KARLA', 'VILCHIS', 'GONZÁLEZ', 'k.vilchis@fundacionmerced.org.mx', 'kvilchis789@'),
(7, 'ARACELI', 'ROLDÁN', 'ALCALÁ', 'a.roldan@fundacionmerced.org.mx', 'aroldan123#'),
(8, 'DULCE DANIELA', 'GAYTÁN', 'ARELLANO', 'daniela.gaytan@fundacionmerced.org.mx', 'dgaytan456#'),
(9, 'KARLA', 'JIMENEZ', 'ARZAMENDI', 'k.jimenez@fundacionmerced.org.mx', 'kjimenez789#'),
(10, 'VERÓNICA GUADALUPE', 'BARRIENTOS', 'ANAYA', 'v.barrientos@fundacionmerced.org.mx', 'vbarrientos123$'),
(11, 'SOPORTE', 'SOPORTE', 'SOPORTE', 'h.rementeria@fundacionmerced.org.mx', '@SoporteFM');

-- --------------------------------------------------------

--
-- Estructura de tabla para la tabla `fort_participation`
--

CREATE TABLE `fort_participation` (
  `id_part` int(10) UNSIGNED NOT NULL,
  `id_organization` int(10) UNSIGNED NOT NULL,
  `id_program` int(10) UNSIGNED NOT NULL,
  `id_consultor` int(10) UNSIGNED NOT NULL,
  `consultor2` varchar(150) NOT NULL,
  `consultor3` varchar(150) NOT NULL,
  `consultor4` varchar(150) NOT NULL,
  `consultor5` varchar(150) NOT NULL,
  `consultor6` varchar(150) NOT NULL,
  `consultor7` varchar(150) NOT NULL,
  `consultor8` varchar(150) NOT NULL,
  `theme` varchar(45) NOT NULL,
  `other` varchar(45) NOT NULL,
  `ally_name` varchar(150) NOT NULL,
  `ally_name2` varchar(150) NOT NULL,
  `ally_name3` varchar(150) NOT NULL,
  `ally_name4` varchar(150) NOT NULL,
  `ally_name5` varchar(150) NOT NULL,
  `project_name` varchar(300) NOT NULL,
  `project_objective` varchar(1000) NOT NULL,
  `male_beneficiaries` int(11) UNSIGNED NOT NULL,
  `female_beneficiaries` int(11) UNSIGNED NOT NULL,
  `org_beneficiaries` int(11) UNSIGNED NOT NULL,
  `population_type` varchar(450) NOT NULL,
  `start_date` varchar(10) NOT NULL,
  `end_date` varchar(10) NOT NULL,
  `achievments` varchar(300) NOT NULL,
  `application_state` varchar(2000) NOT NULL,
  `municipality` varchar(50) NOT NULL,
  `resources_invested` varchar(10) NOT NULL,
  `update_date` varchar(10) NOT NULL,
  `comments` varchar(1000) NOT NULL,
  `register` varchar(100) NOT NULL
) ENGINE=InnoDB DEFAULT CHARSET=utf8mb4;

--
-- Volcado de datos para la tabla `fort_participation`
--

INSERT INTO `fort_participation` (`id_part`, `id_organization`, `id_program`, `id_consultor`, `consultor2`, `consultor3`, `consultor4`, `consultor5`, `consultor6`, `consultor7`, `consultor8`, `theme`, `other`, `ally_name`, `ally_name2`, `ally_name3`, `ally_name4`, `ally_name5`, `project_name`, `project_objective`, `male_beneficiaries`, `female_beneficiaries`, `org_beneficiaries`, `population_type`, `start_date`, `end_date`, `achievments`, `application_state`, `municipality`, `resources_invested`, `update_date`, `comments`, `register`) VALUES
(1, 21, 14, 5, 'NO APLICA', 'NO APLICA', 'NO APLICA', 'NO APLICA', 'NO APLICA', 'NO APLICA', 'NO APLICA', 'ASESORÍA LEGAL Y FISCAL', '', 'FUNDACIÓN GRISI AC', '', '', '', '', 'ACOMPAÑAMIENTO FISCAL', 'ASESORAR DE MANERA PUNTUAL PARA LA TOMA DE DECISIONES EN LA OPERACION DE LA FUNDACION GRISI Y SU RELACION CORPORATIVA Y FISCAL CON LAS DEMAS ENTIDADES DEL GRUPO CORPORATIVO AL QUE PERTENECEN', 0, 0, 1, 'ORGANIZACIONES DE LA SOCIEDAD CIVIL', '07/12/2020', '30/11/2021', 'EL PROYECTO SIGUE ACTIVO', 'CIUDAD DE MÉXICO', 'BENITO JUÁREZ', '81200', '', 'EL PROYECTO TERMINA EN EL MES DE NOVIEMBRE', ''),
(2, 21, 15, 9, 'NO APLICA', 'NO APLICA', 'NO APLICA', 'NO APLICA', 'NO APLICA', 'NO APLICA', 'NO APLICA', 'NO APLICA', '', 'FUNDACIÓN GRISI AC', '', '', '', '', 'CONSULTORÍA MODELO DE INVERSIÓN SOCIAL', 'GENERAR CONDICIONES PARA EL DESARROLLO DE UN MODELO DE INVERSION SOCIAL QUE INTEGRE COMPONENTES DE PENSAMIENTO ESTRATEGICO, ORIENTACION PARA RESULTADOS DE DESARROLLO Y POSICIONAMIENTO PUBLICO PARA FUNDACION GRISI', 0, 0, 1, 'ORGANIZACIONES DE LA SOCIEDAD CIVIL', '01/03/2021', '30/06/2021', 'SE DESAARROLLARON INSTRUMENTOS DE INDICADORES, PARA DEFINIR COMO SE APOYARA A OTRAS ORGANIZACIONES', 'CIUDAD DE MÉXICO', 'BENITO JUÁREZ', '79000', '', 'LAS ACTIVIDADES SE LLEVARON A CABO EN TIEMPO Y FORMA', ''),
(3, 14, 7, 7, 'NO APLICA', 'NO APLICA', 'NO APLICA', 'NO APLICA', 'NO APLICA', 'NO APLICA', 'NO APLICA', 'DIAGNÓSTICO DE MADUREZ INSTITUCIONAL EN LÍNEA', '', 'FUNDACIÓN CMR AC', '', '', '', '', 'CONSULTORÍA ESPECIAL', 'REALIZAR UN DIAGNOSTICO DE MADUREZ INSTITUCIONAL EN LINEA A 4 ORGANIZACIONES, MEDIANTE LA PLATAFORMA QUE FUNDACION MERCED TIENE PARA ESTO, ASI COMO CON EL ANALISIS E INTERPRETACION DE LA INFORMACION POR PARTE DE UNA PERSONA CONSULTORA, PARA DETECTAR FORTALEZAS Y AREAS DE OPORTUNIDAD DE LAS ORGANIZACIONES', 0, 0, 5, 'ORGANIZACIONES DE LA SOCIEDAD CIVIL', '01/06/2018', '14/01/2019', '4 DIAGNOSTICOS DE MADUREZ INSTITUCIONAL CONCLUIDOS Y 1 TALLER DE FORTALECIMIENTO GRUPAL REALIZADO', '|CHIAPAS,CIUDAD DE MÉXICO,OAXACA,SINALOA|', 'NO APLICA', '152000', '', '', ''),
(4, 3, 21, 6, 'NO APLICA', 'NO APLICA', 'NO APLICA', 'NO APLICA', 'NO APLICA', 'NO APLICA', 'NO APLICA', 'MODELO DE INTERVENCIÓN', '', 'CRUZ ROJA  MEXICANA IAP', '', '', '', '', 'AMPLIACIÓN AL PROCESO DE FORTALECIMIENTO DE CRUZ ROJA MEXICANA Y FORTALECIMIENTO A DELEGACIONES ', '1. SISTEMATIZAR EL MODELO DE INTERVENCION INSTITUCIONAL CON UN ENFOQUE DE GESTION CON BASE A RESULTADOS. 2. ALINEAR LA INTERVENCION DE LA ORGANIZACION CON LA ESTRATEGIA 2020 DE LA FEDERACION INTERNACIONAL DE SOCIEDADES DE LA CRUZ ROJA Y DE LA MEDIA LUNA ROJA 3. TRANSFERIR E INTEGRAR EL MODELO DE INTERVENCION', 0, 0, 1, 'ORGANIZACIONES DE LA SOCIEDAD CIVIL', '01/11/2015', '30/01/2021', 'UN DOCUMENTO DE ALINEACION ESTRATEGICA 2020. TEORIA DE CAMBIO INSTITUCIONAL DE LA LINEA ESTRATEGICA.', 'CIUDAD DE MÉXICO', 'MIGUEL HIDALGO', '1436204', '', 'LAS  4 DELEGACIONES ESTATALES Y LOCALES CON LAS QUE SE TRABAJO FUERON NUEVO LEON/ MONTERREY, PUEBLA/CIUDAD DE PUEBLA, COLIMA/ CIUDAD DE COLIMA Y SINALOA/ MAZATLAN. AUNQUE LAS ACTIVIDADES FUERON EN SEDE NACIONAL UBICADA EN CDMX Y VIA VIRTUAL.', ''),
(5, 16, 8, 5, 'NO APLICA', 'NO APLICA', 'NO APLICA', 'NO APLICA', 'NO APLICA', 'NO APLICA', 'NO APLICA', 'ASESORÍA LEGAL Y FISCAL', '', 'ASOCIACIÓN DE ENLACE CULTURAL DE MÉXICO AC (A', '', '', '', '', 'CONSULTORÍA ESPECIAL ASOME', 'ASESORIA LEGAL Y FISCAL PARA LA CONSTITUCION LEGAL Y OBTENCION DE CALIDAD DE DONATARIA AUTORIZADA', 0, 0, 1, 'ORGANIZACIONES DE LA SOCIEDAD CIVIL', '14/12/2018', '04/03/2020', 'SE CONCLUYO LA ELABORACION DE LOS ESTATUTOS DE LA ORGANIZACION PARA SU PROTOCOLIZACION', 'CIUDAD DE MÉXICO', 'CUAUHTÉMOC', '32500', '', 'LA CASILLA DE LOGROS TIENE LIMITE DE CARACTERES Y NO PERMITE ESCRIBIR TODO', ''),
(6, 17, 9, 2, 'ANDREA TAPIA ÁLVAREZ', 'NO APLICA', 'NO APLICA', 'NO APLICA', 'NO APLICA', 'NO APLICA', 'NO APLICA', 'MODELO DE INTERVENCIÓN', '', 'FUNDACIÓN LORENA ALEJANDRA GALLARDO IAP', '', '', '', '', 'CONSULTORÍA ESPECIAL FLAG', 'REALIZAR UN DIAGNOSTICO DE MADUREZ INSTITUCIONAL EN LINEA Y ACTUALIZAR EL MODELO DE INTERVENCION', 0, 0, 1, 'ORGANIZACIONES DE LA SOCIEDAD CIVIL', '13/05/2019', '26/05/2020', 'SE REALIZO UN DIAGNOSTICO Y SE ACTUALIZO EL MODELO DE INTERVENCION', 'CIUDAD DE MÉXICO', 'MIGUEL HIDALGO', '54907', '', '', ''),
(7, 18, 10, 5, 'NO APLICA', 'NO APLICA', 'NO APLICA', 'NO APLICA', 'NO APLICA', 'NO APLICA', 'NO APLICA', 'ASESORÍA LEGAL Y FISCAL', '', 'FUNDACIÓN MÁS VIDA', '', '', '', '', 'CONSULTORÍA ESPECIAL MÁS VIDA', 'ASESORIA LEGAL Y FISCAL PARA LA CONSTITUCION LEGAL Y OBTENCION DE CALIDAD DE DONATARIA AUTORIZADA', 0, 0, 1, 'ORGANIZACIONES DE LA SOCIEDAD CIVIL', '08/01/2019', '30/04/2020', 'SE CONCLUYO LA ELABORACION DE LOS ESTATUTOS DE LA ORGANIZACION PARA SU PROTOCOLIZACION', 'CIUDAD DE MÉXICO', 'MIGUEL HIDALGO', '32500', '', 'SE CONTINUA EN ESPERA DE RESPUESTA DEL SAT PARA AGENDAR UNA CITA Y PODER CONTINUAR CON LOS TRAMITES CORRESPONDIENTES.', ''),
(8, 13, 12, 5, 'NO APLICA', 'NO APLICA', 'NO APLICA', 'NO APLICA', 'NO APLICA', 'NO APLICA', 'NO APLICA', 'ASESORÍA LEGAL Y FISCAL', '', 'FUNDACIÓN MEDICINA FETAL MÉXICO AC', '', '', '', '', 'CONSULTORÍA ESPECIAL MEDICINA FETAL', 'ASESORIA LEGAL Y FISCAL PARA LA CONSTITUCION LEGAL Y OBTENCION DE CALIDAD DE DONATARIA AUTORIZADA', 0, 0, 1, 'ORGANIZACIONES DE LA SOCIEDAD CIVIL', '18/10/2019', '21/04/2020', 'SE CONCLUYO LA ELABORACION DE LOS ESTATUTOS DE LA ORGANIZACION PARA SU PROTOCOLIZACION', 'QUERÉTARO', 'SANTIAGO DE QUERÉTARO', '32500', '', '', ''),
(9, 19, 11, 5, 'NO APLICA', 'NO APLICA', 'NO APLICA', 'NO APLICA', 'NO APLICA', 'NO APLICA', 'NO APLICA', 'ASESORÍA LEGAL Y FISCAL', '', 'PQC STEM AC (PEQUEÑOS CIENTÍFICOS MEXICANOS)', '', '', '', '', 'CONSULTORÍA ESPECIAL PEQUEÑOS CIENTÍFICOS', 'ASESORIA LEGAL Y FISCAL PARA LA CONSTITUCION LEGAL Y OBTENCION DE CALIDAD DE DONATARIA AUTORIZADA', 0, 0, 1, 'ORGANIZACIONES DE LA SOCIEDAD CIVIL', '07/10/2019', '13/11/2020', 'SE CONCLUYO LA ELABORACION DE LOS ESTATUTOS DE LA ORGANIZACION PARA SU PROTOCOLIZACION', 'CIUDAD DE MÉXICO', 'NO APLICA', '32500', '', 'LA AUTORIDAD TARDA EN DAR RESPUESTA, POR LO TANTO SE RETIRA LA SOLICITUD PARA SER DONATARIA AUTORIZADA, PORQUE INICIO LA CONTINGENCIA POR LA PANDEMIA POR COVID-19', ''),
(10, 22, 16, 6, 'NO APLICA', 'NO APLICA', 'NO APLICA', 'NO APLICA', 'NO APLICA', 'NO APLICA', 'NO APLICA', 'NO APLICA', '', 'MARIPOSAS MUJERES CAMBIANDO EL MUNDO AC', '', '', '', '', ' ASESORÍA EN LA ELABORACIÓN DE UN DIAGNÓSTICO', 'ACOMPAÑAMIENTO Y ASESORIA EN EL LEVANTAMIENTO DIAGNOSTICO QUE MARIPOSAS MUJERES CAMBIANDO EL MUNDO AC LLEVARA A CABO EN ATZITZINTLA, TEXMALAQUILLA Y SAN JOSE XACXAMAYO, COMUNIDADES DEL ESTADO DE PUEBLA, Y EN SANTA MARIA LAS CUEVAS DEL ESTADO DE TLAXCALA', 0, 0, 1, 'ORGANIZACIONES DE LA SOCIEDAD CIVIL', '05/04/2021', '01/09/2021', 'SE ASESORO EN LA ELABORACION DE UN DIAGNOSTICO', '|PUEBLA,TLAXCALA|', 'ATZITZINTLA, TEXMALAQUILLA Y SAN JOSÉ XACXAMAYO, ', '6000', '', '', ''),
(11, 47, 22, 7, 'NO APLICA', 'NO APLICA', 'NO APLICA', 'NO APLICA', 'NO APLICA', 'NO APLICA', 'NO APLICA', 'NO APLICA', '', 'LAZOS I.A.P.', '', '', '', '', 'CONSULTORÍA ESPECIAL LAZOS', 'EVALUAR EL MODELO EDUCATIVO PROPIEDAD DE LAZOS', 0, 0, 1, 'ORGANIZACIONES DE LA SOCIEDAD CIVIL', '14/01/2019', '30/09/2019', 'SE CONCLUYO LA EVALUACION DEL PROGRAMA EDUCATIVO PROPIEDAD DE LAZOS IAP', '|CIUDAD DE MÉXICO,ESTADO DE MÉXICO|', 'N/A', '878000', '', '', ''),
(12, 61, 24, 4, 'NO APLICA', 'NO APLICA', 'NO APLICA', 'NO APLICA', 'NO APLICA', 'NO APLICA', 'NO APLICA', 'NO APLICA', '', 'FIDEICOMISO POR LOS NIÑOS DE MÉXICO, SANTANDE', '', '', '', '', 'ACOMPAÑAMIENTO CONVOCATORIA TRIANUAL', 'QUE LA OSC CONOZCA LOS ELEMENTOS FUNDAMENTALES DE LA EVALUACION DE RESULTADOS CON EL FIN DE FUNDAMENTAR EL MODELO DE ATENCION CON EL QUE SE TRABAJO Y QUE PUEDE SER REFERENTE DE ATENCION PARA OTRAS ORGANIZACIONES DE LA SOCIEDAD CIVIL', 0, 0, 1, 'ORGANIZACIONES DE LA SOCIEDAD CIVIL', '01/02/2021', '17/12/2021', 'EN DESARROLLO', 'CIUDAD DE MÉXICO', 'BENITO JUÁREZ', '50000', '', '', ''),
(13, 31, 26, 2, 'NO APLICA', 'NO APLICA', 'NO APLICA', 'NO APLICA', 'NO APLICA', 'NO APLICA', 'NO APLICA', 'SOSTENIBILIDAD FINANCIERA', '', 'FUNDACIÓN MOISÉS ITZKOWICH AC', '', '', '', '', 'PROGRAMA DE FORTALECIMIENTO DE RIGOR INSTITUCIONAL ', 'ACOMPAÑAR A 10 ORGANIZACIONES ', 0, 0, 1, 'ORGANIZACIONES DE LA SOCIEDAD CIVIL', '12/10/2021', 'N/A', 'DESOLLO DE PLAN DE PROCURACION DE FONDOS ', 'CIUDAD DE MÉXICO', 'ÁLVARO OBREGÓN', '700000', '', 'FORTALECIMIENTO GRUPAL ', ''),
(14, 61, 25, 16, 'NO APLICA', 'NO APLICA', 'NO APLICA', 'NO APLICA', 'NO APLICA', 'NO APLICA', 'NO APLICA', 'TEORÍA DE CAMBIO', '', 'FIDEICOMISO POR LOS NIÑOS DE MÉXICO, SANTANDE', '', '', '', '', 'ACOMPAÑAMIENTO CONVOCATORIA TRIANUAL. CÍRCULOS DE APRENDIZAJE ', '1. DESARROLLAR COMPETENCIAS EN 2 ORGANIZACIONES EN TEMA DE TEORIA DE CAMBIO Y EN LA CONSTRUCCION DE MATRIZ DE MONITOREO DE INDICADORES CLAVE PARA LA MEDICION Y EVALUACION DEL IMPACTO SOCIAL 2.  ASESORIA A 2 ORGANIZACIONES SOCIALES EN SU PROCESO DE DESARROLLO DE UNA TEORIA DEL CAMBIO.', 0, 0, 2, 'ORGANIZACIONES DE LA SOCIEDAD CIVIL', '04/02/2019', '11/12/2019', 'UN DOCUMENTO DE TEORIA DE CAMBIO Y CONSTRUCCION DE INDICADORES', 'CIUDAD DE MÉXICO', 'BENITO JUÁREZ', '100000', '', '', ''),
(15, 36, 7, 7, 'NO APLICA', 'NO APLICA', 'NO APLICA', 'NO APLICA', 'NO APLICA', 'NO APLICA', 'NO APLICA', 'DIAGNÓSTICO DE MADUREZ INSTITUCIONAL EN LÍNEA', '', 'FUNDACIÓN CMR AC', '', '', '', '', 'CONSULTORÍA ESPECIAL', 'LLEVAR A CABO PROCESOS DE FORTALECIMIENTO, LIDERAZGO E INSTITUCIONALIZACION', 0, 0, 1, 'ORGANIZACIONES DE LA SOCIEDAD CIVIL', '07/05/2018', '29/03/2019', 'DIAGNOSTICO DE MADUREZ INSTITUCIONAL CONCLUIDO Y 1 TALLER DE FORTALECIMIENTO GRUPAL REALIZADO', 'CIUDAD DE MÉXICO', 'ÁLVARO OBREGÓN', '38000', 'N/A', '', 'e.estrada@fundacionmerced.org.mx'),
(16, 87, 7, 7, 'NO APLICA', 'NO APLICA', 'NO APLICA', 'NO APLICA', 'NO APLICA', 'NO APLICA', 'NO APLICA', 'DIAGNÓSTICO DE MADUREZ INSTITUCIONAL EN LÍNEA', '', 'FUNDACIÓN CMR AC', '', '', '', '', 'CONSULTORÍA ESPECIAL', 'LLEVAR A CABO PROCESOS DE FORTALECIMIENTO, LIDERAZGO E INSTITUCIONALIZACION', 0, 0, 1, 'ORGANIZACIONES DE LA SOCIEDAD CIVIL', '07/05/2018', '29/03/2019', 'DIAGNOSTICO DE MADUREZ INSTITUCIONAL CONCLUIDO Y 1 TALLER DE FORTALECIMIENTO GRUPAL REALIZADO', 'CIUDAD DE MÉXICO', 'CUAJIMALPA', '38000', 'N/A', '', 'e.estrada@fundacionmerced.org.mx'),
(17, 88, 7, 7, 'NO APLICA', 'NO APLICA', 'NO APLICA', 'NO APLICA', 'NO APLICA', 'NO APLICA', 'NO APLICA', 'DIAGNÓSTICO DE MADUREZ INSTITUCIONAL EN LÍNEA', '', 'FUNDACIÓN CMR AC', '', '', '', '', 'CONSULTORÍA ESPECIAL', 'LLEVAR A CABO PROCESOS DE FORTALECIMIENTO, LIDERAZGO E INSTITUCIONALIZACION', 0, 0, 1, 'ORGANIZACIONES DE LA SOCIEDAD CIVIL', 'N/A', 'N/A', 'DIAGNOSTICO DE MADUREZ INSTITUCIONAL CONCLUIDO Y 1 TALLER DE FORTALECIMIENTO GRUPAL REALIZADO', 'CHIAPAS', 'SAN CRISTÓBAL DE LAS CASAS', '38000', 'N/A', '', 'e.estrada@fundacionmerced.org.mx'),
(18, 67, 26, 2, 'NO APLICA', 'NO APLICA', 'NO APLICA', 'NO APLICA', 'NO APLICA', 'NO APLICA', 'NO APLICA', 'MODELO DE INTERVENCIÓN', '', 'FUNDACIÓN MOISÉS ITZKOWICH AC', '', '', '', '', 'PROGRAMA DE FORTALECIMIENTO DE RIGOR INSTITUCIONAL ', 'ACOMPAÑAR A 11 ORGANIZACIONES EN SU PROCESOS DE FORTALECIMIENTO INSTITUCIONAL ', 0, 0, 11, 'ORGANIZACIONES DE LA SOCIEDAD CIVIL', '15/12/2020', '30/06/2021', 'DESARROLLO DEL MODELO DE INTERVENCION SOCIAL DE LA ORGANIZACION ', 'CIUDAD DE MÉXICO', 'CUAUHTÉMOC', '700000', '15/12/2021', '', 'r.trejo@fundacionmerced.org.mx'),
(19, 60, 26, 2, 'NO APLICA', 'NO APLICA', 'NO APLICA', 'NO APLICA', 'NO APLICA', 'NO APLICA', 'NO APLICA', 'MODELO DE INTERVENCIÓN', '', 'FUNDACIÓN MOISÉS ITZKOWICH AC', '', '', '', '', 'PROGRAMA DE FORTALECIMIENTO DE RIGOR INSTITUCIONAL ', 'ACOMPAÑAR A 11 ORGANIZACIONES EN SU PROCESOS DE FORTALECIMIENTO INSTITUCIONAL ', 0, 0, 11, 'ORGANIZACIONES DE LA SOCIEDAD CIVIL', '15/12/2020', '30/06/2021', 'DESARROLLO DEL MODELO DE INTERVENCION SOCIAL DE LA ORGANIZACION ', 'CIUDAD DE MÉXICO', 'CUAUHTÉMOC', '700000', '15/12/2021', 'CORREGIR EL NOMBRE DE LA OSC DEBE DECIR FUNDACION DE APOYO A LA JUVENTUD', 'r.trejo@fundacionmerced.org.mx'),
(20, 49, 26, 9, 'NO APLICA', 'NO APLICA', 'NO APLICA', 'NO APLICA', 'NO APLICA', 'NO APLICA', 'NO APLICA', 'MODELO DE INTERVENCIÓN', '', 'FUNDACIÓN MOISÉS ITZKOWICH AC', '', '', '', '', 'PROGRAMA DE FORTALECIMIENTO DE RIGOR INSTITUCIONAL ', 'ACOMPAÑAR A 11 ORGANIZACIONES EN SU PROCESOS DE FORTALECIMIENTO INSTITUCIONAL ', 0, 0, 11, 'ORGANIZACIONES DE LA SOCIEDAD CIVIL', '15/12/2020', '30/06/2021', 'DESARROLLO DEL MODELO DE INTERVENCION SOCIAL DE LA ORGANIZACION ', 'HIDALGO', 'PACHUCA', '700000', '15/12/2021', '', 'r.trejo@fundacionmerced.org.mx'),
(21, 31, 26, 23, 'NO APLICA', 'NO APLICA', 'NO APLICA', 'NO APLICA', 'NO APLICA', 'NO APLICA', 'NO APLICA', 'SOSTENIBILIDAD FINANCIERA', '', 'FUNDACIÓN MOISÉS ITZKOWICH AC', '', '', '', '', 'PROGRAMA DE FORTALECIMIENTO DE RIGOR INSTITUCIONAL ', 'ACOMPAÑAR A 11 ORGANIZACIONES EN SU PROCESOS DE FORTALECIMIENTO INSTITUCIONAL ', 0, 0, 11, 'ORGANIZACIONES DE LA SOCIEDAD CIVIL', '15/12/2020', '30/06/2021', 'DESARROLLO DEL PLAN DE PROCURACION DE FONDOS  DE LA ORGANIZACION ', 'CIUDAD DE MÉXICO', 'CUAUHTÉMOC', '700000', '15/12/2021', '', 'r.trejo@fundacionmerced.org.mx'),
(22, 29, 26, 24, 'NO APLICA', 'NO APLICA', 'NO APLICA', 'NO APLICA', 'NO APLICA', 'NO APLICA', 'NO APLICA', 'OTRO', 'DESARROLLO Y GESTIÓN DEL TALENTO ', 'FUNDACIÓN MOISÉS ITZKOWICH AC', '', '', '', '', 'PROGRAMA DE FORTALECIMIENTO DE RIGOR INSTITUCIONAL ', 'ACOMPAÑAR A 11 ORGANIZACIONES EN SU PROCESOS DE FORTALECIMIENTO INSTITUCIONAL ', 0, 0, 11, 'ORGANIZACIONES DE LA SOCIEDAD CIVIL', '15/12/2020', '30/06/2021', 'DESAROLLO DE PERFILES Y DESCRIPCION DE PUESTOS,  LA ORGANIZACION ', 'CIUDAD DE MÉXICO', 'CUAUHTÉMOC', '700000', '15/12/2021', '', 'r.trejo@fundacionmerced.org.mx'),
(23, 64, 26, 7, 'NO APLICA', 'NO APLICA', 'NO APLICA', 'NO APLICA', 'NO APLICA', 'NO APLICA', 'NO APLICA', 'MODELO DE INTERVENCIÓN', '', 'FUNDACIÓN MOISÉS ITZKOWICH AC', '', '', '', '', 'PROGRAMA DE FORTALECIMIENTO DE RIGOR INSTITUCIONAL ', 'ACOMPAÑAR A 11 ORGANIZACIONES EN SU PROCESOS DE FORTALECIMIENTO INSTITUCIONAL ', 0, 0, 11, 'ORGANIZACIONES DE LA SOCIEDAD CIVIL', '15/12/2020', '30/06/2021', 'DESARROLLO DEL MODELO DE INTERVENCION SOCIAL DE LA ORGANIZACION ', 'CIUDAD DE MÉXICO', 'CUAUHTÉMOC', '700000', 'N/A', '', 'r.trejo@fundacionmerced.org.mx'),
(24, 76, 26, 7, 'NO APLICA', 'NO APLICA', 'NO APLICA', 'NO APLICA', 'NO APLICA', 'NO APLICA', 'NO APLICA', 'MODELO DE INTERVENCIÓN', '', 'FUNDACIÓN MOISÉS ITZKOWICH AC', '', '', '', '', 'PROGRAMA DE FORTALECIMIENTO DE RIGOR INSTITUCIONAL ', 'ACOMPAÑAR A 11 ORGANIZACIONES EN SU PROCESOS DE FORTALECIMIENTO INSTITUCIONAL ', 0, 0, 11, 'ORGANIZACIONES DE LA SOCIEDAD CIVIL', '15/12/2020', '30/06/2021', 'DESARROLLO DEL MODELO DE INTERVENCION SOCIAL DE LA ORGANIZACION ', 'CIUDAD DE MÉXICO', 'CUAUHTÉMOC', '700000', '15/12/2021', '', 'r.trejo@fundacionmerced.org.mx'),
(25, 87, 26, 25, 'NO APLICA', 'NO APLICA', 'NO APLICA', 'NO APLICA', 'NO APLICA', 'NO APLICA', 'NO APLICA', 'COMUNICACIÓN EXTERNA (MARKETING SOCIAL)', '', 'FUNDACIÓN MOISÉS ITZKOWICH AC', '', '', '', '', 'PROGRAMA DE FORTALECIMIENTO DE RIGOR INSTITUCIONAL ', 'ACOMPAÑAR A 11 ORGANIZACIONES EN SU PROCESOS DE FORTALECIMIENTO INSTITUCIONAL ', 0, 0, 11, 'ORGANIZACIONES DE LA SOCIEDAD CIVIL', '15/12/2020', '30/06/2021', 'DESOLLO DEL PLAN DE COMUNICACION SOCIAL DE LA ORGANIZACION ', 'CIUDAD DE MÉXICO', 'CUAUHTÉMOC', '700000', '15/12/2021', '', 'r.trejo@fundacionmerced.org.mx'),
(26, 75, 26, 13, 'NO APLICA', 'NO APLICA', 'NO APLICA', 'NO APLICA', 'NO APLICA', 'NO APLICA', 'NO APLICA', 'MONITOREO Y EVALUACIÓN DE PROYECTOS', '', 'FUNDACIÓN MOISÉS ITZKOWICH AC', '', '', '', '', 'PROGRAMA DE FORTALECIMIENTO DE RIGOR INSTITUCIONAL ', 'ACOMPAÑAR A 11 ORGANIZACIONES EN SU PROCESOS DE FORTALECIMIENTO INSTITUCIONAL ', 0, 0, 11, 'ORGANIZACIONES DE LA SOCIEDAD CIVIL', '15/12/2020', '30/06/2021', 'DESAROLLO DE PLAN DE MONITOREO Y EVALUACION DE UNO DE LOS PROGRAMAS A ESCALA DE LA ORGANIZACION ', 'CIUDAD DE MÉXICO', 'CUAUHTÉMOC', '700000', 'N/A', '', 'r.trejo@fundacionmerced.org.mx'),
(27, 68, 26, 17, 'NO APLICA', 'NO APLICA', 'NO APLICA', 'NO APLICA', 'NO APLICA', 'NO APLICA', 'NO APLICA', 'MODELO DE INTERVENCIÓN', '', 'FUNDACIÓN MOISÉS ITZKOWICH AC', '', '', '', '', 'PROGRAMA DE FORTALECIMIENTO DE RIGOR INSTITUCIONAL ', 'ACOMPAÑAR A 11 ORGANIZACIONES EN SU PROCESOS DE FORTALECIMIENTO INSTITUCIONAL ', 0, 0, 11, 'ORGANIZACIONES DE LA SOCIEDAD CIVIL', '15/12/2020', '30/06/2021', 'FORTALECIMIENTO DEL MODELO DE INTERVENCION SOCIAL DE LA ORGANIZACION ', 'CIUDAD DE MÉXICO', 'CUAUHTÉMOC', '700000', '15/12/2021', '', 'r.trejo@fundacionmerced.org.mx'),
(28, 117, 43, 2, 'NO APLICA', 'NO APLICA', 'NO APLICA', 'NO APLICA', 'NO APLICA', 'NO APLICA', 'NO APLICA', 'PLANEACIÓN ESTRATÉGICA', '', 'FUNDACIÓN MOISÉS ITZKOWICH AC', '', '', '', '', 'PROGRAMA DE FORTALECIMIENTO DE RIGOR INSTITUCIONAL ', 'ACOMPAÑAR A 10 ORGANIZACIONES EN SU PROCESOS DE FORTALECIMIENTO INSTITUCIONAL ', 0, 0, 10, 'ORGANIZACIONES DE LA SOCIEDAD CIVIL', '15/07/2021', '30/01/2022', 'DESOLLO DE LA PLANEACION ESTRATEGICA DE LA ORGANIZACION ', 'CIUDAD DE MÉXICO', 'CUAUHTÉMOC', '700000', '15/12/2021', '', 'r.trejo@fundacionmerced.org.mx'),
(29, 119, 43, 27, 'NO APLICA', 'NO APLICA', 'NO APLICA', 'NO APLICA', 'NO APLICA', 'NO APLICA', 'NO APLICA', 'SOSTENIBILIDAD FINANCIERA', '', 'FUNDACIÓN MOISÉS ITZKOWICH AC', '', '', '', '', 'PROGRAMA DE FORTALECIMIENTO DE RIGOR INSTITUCIONAL ', 'ACOMPAÑAR A 10 ORGANIZACIONES EN SU PROCESOS DE FORTALECIMIENTO INSTITUCIONAL ', 0, 0, 1, 'ORGANIZACIONES DE LA SOCIEDAD CIVIL', '01/08/2021', '30/09/2022', 'DESOLLO DEL PLAN DE PROCURACION DE FONDOS  DE LA ORGANIZACION ', 'CIUDAD DE MÉXICO', 'CUAUHTÉMOC', '700000', '16/02/2022', 'EL NOMBRE DE LA ORGANIZACION  (EL MONTO EN RECURSOS CORRESPONDE AL DONATIVO POR LA IMPLEMENTACION DE TODO EL PROGRAMA)', 'r.trejo@fundacionmerced.org.mx'),
(30, 29, 26, 24, 'NO APLICA', 'NO APLICA', 'NO APLICA', 'NO APLICA', 'NO APLICA', 'NO APLICA', 'NO APLICA', 'OTRO', 'GESTIÓN DEL TALENTO HUMANO', 'FUNDACIÓN MOISÉS ITZKOWICH AC', '', '', '', '', 'PROGRAMA DE FORTALECIMIENTO DE RIGOR INSTITUCIONAL ', 'ACOMPAÑAR A 11 ORGANIZACIONES EN SU PROCESOS DE FORTALECIMIENTO INSTITUCIONAL ', 0, 0, 0, 'ORGANIZACIONES DE LA SOCIEDAD CIVIL', '16/12/2020', '31/08/2021', 'DESOLLO DE PERFILES Y DESCRIPCION DE PUESTOS,  LA ORGANIZACION ', 'CIUDAD DE MÉXICO', 'CUAUHTÉMOC', '700000', '23/02/2022', '', 'r.trejo@fundacionmerced.org.mx'),
(31, 117, 43, 2, 'NO APLICA', 'NO APLICA', 'NO APLICA', 'NO APLICA', 'NO APLICA', 'NO APLICA', 'NO APLICA', 'PLANEACIÓN ESTRATÉGICA', '', 'FUNDACIÓN MOISÉS ITZKOWICH AC', '', '', '', '', 'PROGRAMA DE FORTALECIMIENTO DE RIGOR INSTITUCIONAL 2', 'GENERAR CAPACIDADES EN  LAS  ORGANIZACIONES,  FORTALECER  SUS ESTRUCTURAS OPERATIVAS PARA MEJORAR SUS INTERVENCIONES, MEJORAR SUS ENFOQUES DE INTERVENCION Y BRINDAR ELEMENTOS DE SOLUCION A LAS BRECHAS ORGANIZACIONALES DE CADA OSC; ', 0, 0, 1, 'ORGANIZACIONES DE LA SOCIEDAD CIVIL', '01/06/2021', '30/09/2022', 'SE DESARROLLO LA PLANEACION ESTRATEGICA DE LA ORGANIZACION CON LA PARTICIPACION ACTIVA DE PERSONAL OPERATIVO Y DE CONSEJO ', 'CIUDAD DE MÉXICO', 'ÁLVARO OBREGÓN', '700000', '24/02/2022', 'NA', 'r.trejo@fundacionmerced.org.mx'),
(32, 118, 43, 28, 'NO APLICA', 'NO APLICA', 'NO APLICA', 'NO APLICA', 'NO APLICA', 'NO APLICA', 'NO APLICA', 'MODELO DE INTERVENCIÓN', '', 'FUNDACIÓN MOISÉS ITZKOWICH AC', '', '', '', '', 'PROGRAMA DE FORTALECIMIENTO DE RIGOR INSTITUCIONAL 2', 'GENERAR CAPACIDADES EN  LAS  ORGANIZACIONES,  FORTALECER  SUS ESTRUCTURAS OPERATIVAS PARA MEJORAR SUS INTERVENCIONES, MEJORAR SUS ENFOQUES DE INTERVENCION Y BRINDAR ELEMENTOS DE SOLUCION A LAS BRECHAS ORGANIZACIONALES DE CADA OSC; ', 0, 0, 10, 'ORGANIZACIONES DE LA SOCIEDAD CIVIL', '01/06/2021', '30/09/2022', 'SE DESARROLLO EL MODELO DE INTERVENCION DE LA ORGANIZACION ', 'OAXACA', ' PRIMERO DE MAYO', '700000', '24/02/2022', 'NA', 'r.trejo@fundacionmerced.org.mx'),
(33, 120, 43, 2, 'NO APLICA', 'NO APLICA', 'NO APLICA', 'NO APLICA', 'NO APLICA', 'NO APLICA', 'NO APLICA', 'PLANEACIÓN ESTRATÉGICA', '', 'FUNDACIÓN MOISÉS ITZKOWICH AC', '', '', '', '', 'PROGRAMA DE FORTALECIMIENTO DE RIGOR INSTITUCIONAL ', 'Acompañar a 11 organizaciones en su procesos de fortalecimiento institucional ', 0, 0, 1, 'ORGANIZACIONES DE LA SOCIEDAD CIVIL', '14/08/2021', '31/10/2022', 'DESARROLLO DE PLANEACION ESTRATEGICA', 'CIUDAD DE MÉXICO', 'CUAUHTÉMOC', '700000', '10/03/2022', '', 'r.trejo@fundacionmerced.org.mx'),
(34, 121, 43, 9, 'NO APLICA', 'NO APLICA', 'NO APLICA', 'NO APLICA', 'NO APLICA', 'NO APLICA', 'NO APLICA', 'MONITOREO Y EVALUACIÓN DE PROYECTOS', '', 'FUNDACIÓN MOISÉS ITZKOWICH AC', '', '', '', '', 'PROGRAMA DE FORTALECIMIENTO DE RIGOR INSTITUCIONAL ', 'Acompañar a 11 organizaciones en su procesos de fortalecimiento institucional ', 0, 0, 1, 'ORGANIZACIONES DE LA SOCIEDAD CIVIL', '14/08/2021', '31/10/2022', 'SE FORTALECIO EL SISTEMA DE MONITOREO Y EVALUACIÓN DE LA ORGANIZACION ', 'CIUDAD DE MÉXICO', 'CUAUHTÉMOC', '700000', '10/03/2022', '', 'r.trejo@fundacionmerced.org.mx'),
(35, 122, 43, 28, 'NO APLICA', 'NO APLICA', 'NO APLICA', 'NO APLICA', 'NO APLICA', 'NO APLICA', 'NO APLICA', 'MODELO DE INTERVENCIÓN', '', 'FUNDACIÓN MOISÉS ITZKOWICH AC', '', '', '', '', ' PROGRAMA DE FORTALECIMIENTO DE RIGOR INSTITUCIONAL', 'ACOMPAÑAR A 11 ORGANIZACIONES EN SU PROCESOS DE FORTALECIMIENTO INSTITUCIONAL', 0, 0, 1, 'ORGANIZACIONES DE LA SOCIEDAD CIVIL', '14/08/2021', '31/10/2022', 'DESOLLO DEL MODELO DE INTERVENCIÓN SOCIAL DE LA ORGANIZACIÓN ', 'CIUDAD DE MÉXICO', 'CUAUHTÉMOC', '700000', '10/03/2022', '', 'r.trejo@fundacionmerced.org.mx'),
(36, 123, 43, 9, 'NO APLICA', 'NO APLICA', 'NO APLICA', 'NO APLICA', 'NO APLICA', 'NO APLICA', 'NO APLICA', 'MONITOREO Y EVALUACIÓN DE PROYECTOS', '', 'FUNDACIÓN MOISÉS ITZKOWICH AC', '', '', '', '', 'PROGRAMA DE FORTALECIMIENTO DE RIGOR INSTITUCIONAL', 'ACOMPAÑAR A 10 ORGANIZACIONES EN SU PROCESOS DE FORTALECIMIENTO INSTITUCIONAL', 0, 0, 1, 'ORGANIZACIONES DE LA SOCIEDAD CIVIL', '14/08/2021', '31/10/2022', 'SE FORTALECIO EL SISTEMA DE MONITOREO Y EVALUACIÓN DE LA ORGANIZACION Y SE CUMPLIO EN TIEMPO Y FORMA CON EL PLAN DE TRABAJO ESTABLECIDO ', 'ESTADO DE MÉXICO', 'CUAUHTÉMOC', '700000', '10/03/2022', '', 'r.trejo@fundacionmerced.org.mx'),
(37, 124, 43, 9, 'NO APLICA', 'NO APLICA', 'NO APLICA', 'NO APLICA', 'NO APLICA', 'NO APLICA', 'NO APLICA', 'MONITOREO Y EVALUACIÓN DE PROYECTOS', '', 'FUNDACIÓN MOISÉS ITZKOWICH AC', '', '', '', '', ' PROGRAMA DE FORTALECIMIENTO DE RIGOR INSTITUCIONAL', 'ACOMPAÑAR A 10 ORGANIZACIONES EN SU PROCESOS DE FORTALECIMIENTO INSTITUCIONAL', 0, 0, 1, 'ORGANIZACIONES DE LA SOCIEDAD CIVIL', 'N/A', 'N/A', 'SE DESARROLLO UN PLAN DE TRABAJO PARA UN PROCESO DE CONSULTORIA, EL CUAL SE CUMPLIO EN TIEMPO Y FORMA, DE ESTE PROCESO SE FORTALECIO A LA ORGANIZACION EN CUANTO A SU SISTEMA DE MONITOREO Y EVALUACION', 'CIUDAD DE MÉXICO', 'CUAUHTÉMOC', '700000', '10/03/2022', '', 'r.trejo@fundacionmerced.org.mx'),
(38, 125, 43, 28, 'NO APLICA', 'NO APLICA', 'NO APLICA', 'NO APLICA', 'NO APLICA', 'NO APLICA', 'NO APLICA', 'MODELO DE INTERVENCIÓN', '', 'FUNDACIÓN MOISÉS ITZKOWICH AC', '', '', '', '', ' PROGRAMA DE FORTALECIMIENTO DE RIGOR INSTITUCIONAL', 'ACOMPAÑAR A 10 ORGANIZACIONES EN SU PROCESOS DE FORTALECIMIENTO INSTITUCIONAL', 0, 0, 1, 'ORGANIZACIONES DE LA SOCIEDAD CIVIL', 'N/A', 'N/A', 'DESOLLO DEL MODELO DE INTERVENCIÓN SOCIAL DE LA ORGANIZACIÓN ', 'CIUDAD DE MÉXICO', 'CUAUHTÉMOC', '700000', '10/03/2022', '', 'r.trejo@fundacionmerced.org.mx'),
(39, 133, 43, 15, 'NO APLICA', 'NO APLICA', 'NO APLICA', 'NO APLICA', 'NO APLICA', 'NO APLICA', 'NO APLICA', 'OTRO', 'GESTION DEL TALENTO HUMANO', 'FUNDACIÓN MOISÉS ITZKOWICH AC', '', '', '', '', ' PROGRAMA DE FORTALECIMIENTO DE RIGOR INSTITUCIONAL', 'ACOMPAÑAR A 10 ORGANIZACIONES EN SU PROCESOS DE FORTALECIMIENTO INSTITUCIONAL', 0, 0, 1, 'ORGANIZACIONES DE LA SOCIEDAD CIVIL', 'N/A', 'N/A', 'SE  REVISARON  DIFERENTES  INSTRUMENTOS,  METODOLOGÍAS  DE  TRABAJO, MEJORES PRÁCTICAS Y ENTORNO DE LA ORGANIZACIÓN QUE LLEVARON AL DISEÑO DE FORMATO DE PERFIL DE PUESTO, FORMATO DE EVALUACIÓNDE DESEMPEÑO, DIAGNÓSTICO DE NECESIDADES DE CAPACITACIÓN Y PLAN ANUAL DE CAPACITACIÓN', 'CIUDAD DE MÉXICO', 'CUAUHTÉMOC', '700000', 'N/A', '', 'r.trejo@fundacionmerced.org.mx'),
(40, 10, 46, 8, 'SANDRA SÁNCHEZ SERRANO', 'ENFORCEMENT CAPITAL, S.C (PAULINA CAMARENA)', 'CARLOS GABRIEL CHAVEZ BECKER', 'CÍCLICA CONSULTORÍA (RENATA RUELAS ROMO Y REG', 'NO APLICA', 'NO APLICA', 'NO APLICA', 'FORTALECIMIENTO INSTITUCIONAL', '', 'NACIONAL MONTE DE PIEDAD IAP', '', '', '', '', 'ACCIONA PROGRAMA DE CONSTRUCCIÓN PARTICIPATIVA DE CAPACIDADES ORGANIZACIONALES PARA EL CAMBIO SOCIAL', '1 DESARROLLAR UNA ESTRATEGIA DE FORTALECIMIENTO DE CAPACIDADES ORGANIZACIONALES DIRIGIDA A UN GRUPO DE 40 ORGANIZACIONES UBICADAS EN LOS NIVELES DE INTERVENCIÓN 1 Y 2 APOYADAS POR NMP  PARA CONTRIBUIR A INCREMENTAR SU ESTABILIDAD Y DESEMPEÑO ANTE LOS RETOS INSTITUCIONALES QUE ENFRENTAN PARA EL CUMPLIMIENTO DE SU ROL COMO TITULAR DE RESPONSABILIDADES 2 CONTRIBUIR AL DESARROLLO DE CAPACIDADES ORGANIZACIONALES EN LAS ÁREAS DE GESTIÓN DEL TALENTO, SOSTENIBILIDAD FINANCIERA, ALIANZAS Y REDES Y MONITOREO Y EVALUACIÓN A ORGANIZACIONES DONATARIAS DE NMP EN N1 Y N2', 11, 56, 37, 'ORGANIZACIONES DE LA SOCIEDAD CIVIL', '09/12/2019', '22/09/2021', '37 ORGANIZACIONES N1 Y N2 CONCLUYERON LO QUE REPRESENTA EL 95% EL NIVEL DE SATISFACCIÓN DE LOS PARTICIPANTES EN ACCIONA HACIA LOS FACILITADORES (EN ENCUESTA DE SATISFACCIÓN) FUE SIDO ALTA (4.92 DE 5)  UN PROGRAMA CON CARÁCTER PARTICIPATIVO CON ALCANCE DE VARIAS OSC EN EL PAÍS  ', '|BAJA CALIFORNIA,CIUDAD DE MÉXICO,COLIMA,ESTADO DE MÉXICO,MICHOACÁN,PUEBLA,QUERÉTARO,SINALOA,SONORA|', 'NO SE CUENTA CON ESA INFORMACIÓN', '2000000', '11/03/2022', '', 'd.hernandez@fundacionmerced.org.mx'),
(41, 138, 54, 35, 'NO APLICA', 'NO APLICA', 'NO APLICA', 'NO APLICA', 'NO APLICA', 'NO APLICA', 'NO APLICA', 'OTRO', 'EMPRENDIMIENTO SOCIAL', 'FUNDACION ADO AC', '', '', '', '', 'COMUNIDAD DE APRENDIZAJE LAB3', 'LAB 3 ES UNA COMUNIDAD DE APRENDIZAJE DE LA SOCIEDAD CIVIL QUE BUSCA CONVERTIR A LAS ORGANIZACIONES QUE LA INTEGRAN EN REFERENTES DE NUEVAS FORMAS DE TRABAJO MEDIANTE DIVERSAS METODOLOGIAS DE INNOVACION.', 0, 0, 0, 'ORGANIZACIONES DE LA SOCIEDAD CIVIL', 'N/A', 'N/A', 'S E PROTOTIPARON PROYECTOS QUE B U S C A B A N DAR SOLUCION A ESTAS TRES DISTINTAS TEMATICAS:  -S OLU C ION ES SOSTENIBLES GR U P OS META - PROCESOS INTERNOS Y GESTION EQ U I P O S - SOSTENIBILIDAD FINANCIERA', 'CIUDAD DE MÉXICO', 'CUAUHTÉMOC', '940000', '30/10/2019', '', 'r.trejo@fundacionmerced.org.mx');

-- --------------------------------------------------------

--
-- Estructura de tabla para la tabla `invsoc_participation`
--

CREATE TABLE `invsoc_participation` (
  `id_partIS` int(10) UNSIGNED NOT NULL,
  `id_organization` int(10) UNSIGNED NOT NULL,
  `id_program` int(10) UNSIGNED NOT NULL,
  `id_consultor` int(10) UNSIGNED NOT NULL,
  `consultor2` varchar(150) NOT NULL,
  `consultor3` varchar(150) NOT NULL,
  `theme` varchar(45) NOT NULL,
  `announcement_year` varchar(4) NOT NULL,
  `project_name` varchar(300) NOT NULL,
  `project_objective` varchar(1000) NOT NULL,
  `population_type` varchar(450) NOT NULL,
  `male_beneficiaries` int(10) UNSIGNED NOT NULL,
  `female_beneficiaries` int(10) UNSIGNED NOT NULL,
  `org_beneficiaries` int(10) UNSIGNED NOT NULL,
  `project_type` varchar(12) NOT NULL,
  `start_date` varchar(10) DEFAULT NULL,
  `end_date` varchar(10) DEFAULT NULL,
  `resources` varchar(20) DEFAULT NULL,
  `ally_name` varchar(150) DEFAULT NULL,
  `ally_name2` varchar(150) DEFAULT NULL,
  `ally_name3` varchar(150) DEFAULT NULL,
  `ally_name4` varchar(150) DEFAULT NULL,
  `ally_name5` varchar(150) DEFAULT NULL,
  `achievments` varchar(300) DEFAULT NULL,
  `application_state` varchar(2000) DEFAULT NULL,
  `municipality` varchar(50) DEFAULT NULL,
  `donative` varchar(10) DEFAULT NULL,
  `donative2` varchar(10) DEFAULT NULL,
  `donative3` varchar(10) DEFAULT NULL,
  `formation_format` tinytext DEFAULT NULL,
  `formation_theme` varchar(45) DEFAULT NULL,
  `fort_theme` varchar(45) DEFAULT NULL,
  `num_sessions_fort` int(11) DEFAULT NULL,
  `update_date` varchar(10) DEFAULT NULL,
  `comments` varchar(1000) DEFAULT NULL,
  `register` varchar(100) DEFAULT NULL
) ENGINE=InnoDB DEFAULT CHARSET=utf8mb4;

--
-- Volcado de datos para la tabla `invsoc_participation`
--

INSERT INTO `invsoc_participation` (`id_partIS`, `id_organization`, `id_program`, `id_consultor`, `consultor2`, `consultor3`, `theme`, `announcement_year`, `project_name`, `project_objective`, `population_type`, `male_beneficiaries`, `female_beneficiaries`, `org_beneficiaries`, `project_type`, `start_date`, `end_date`, `resources`, `ally_name`, `ally_name2`, `ally_name3`, `ally_name4`, `ally_name5`, `achievments`, `application_state`, `municipality`, `donative`, `donative2`, `donative3`, `formation_format`, `formation_theme`, `fort_theme`, `num_sessions_fort`, `update_date`, `comments`, `register`) VALUES
(1, 6, 6, 2, 'NO APLICA', 'NO APLICA', 'EDUCACIÓN', '2019', 'GRUPOS DE AHORRO COMUNITARIOS', 'TRANSFERIR LA METODOLOGÍA DE LOS GRUPOS DE AHORRRO COMUNITARIOEN ZONAS RURALES CON EXCLUSIÓNFINANCIERA Y/O REZAGO SOCIAL EN  BAJA CALIFORNIA SUR PARA GENERAR CAPACIDAD LOCAL QUE PERMITA LA SOSTENIBILIDAD, EL AUMENTO DE COBERTURA Y LA DIFUSIÓN DE LA EXPERIENCIA EN EL MEDIANO PLAZO. ', '|ADOLESCENCIA (13-18 AÑOS),JUVENTUD (19-29 AÑOS),ADULTEZ (30-59 AÑOS),PERSONA MAYOR (60 AÑOS O MÁS)|', 37, 64, 0, 'SELECCIONADO', '01/11/2019', '01/12/2022', 'PROPIOS', '', '', '', '', '', '9 GRUPOS CON CURSO  DE AHORRO COMPLETADO, APRENDIZAJES Y SATISFACCIÓN EVALUADOS. 9 GRUPOS CON CURSO PRESTAMOS COMPLETADO Y CON MONITOREO MENSUAL. ENTREGA DE LIQUIDAICIONES A 6 GRUPOS\" ', 'BAJA CALIFORNIA SUR', 'COMONDU, MULEGÉ, LA PAZ', '180000', '140000', '100000', 'DIPLOMADO', 'DIPLOMADO', '|FORTALECIMIENTO EQUIPO OPERATIVO,MODELO DE I', 0, '16/03/2022', '', ''),
(2, 49, 5, 10, 'ANA MARIA LEON MIRAVALLES', 'NO APLICA', 'EMPRENDIMIENTO SOCIAL', '2018', 'PROGRAMA DE FORMACION EMPRESARIAL', 'IMPULSAR LA MOVILIDAD SOCIAL DE 1080 EMPRENDEDORES(RAS) CON MICRONEGOCIOS A TRAVÉS DE LA OFERTA INTEGRAL QUE TIENE FUNDACION PROMOVER', '|JUVENTUD (19-29 AÑOS),ADULTEZ (30-59 AÑOS)|', 913, 1261, 0, 'SELECCIONADO', '03/12/2018', '01/12/2021', 'PROPIOS', '', '', '', '', '', '9 TALLERES \"MEJORA TU NEGOCIO A 155 PARTICIPANTES PROSPECCIÓN DE 3598 PERSONAS Y 10% INCLUIDO EN TALLERES 110 PLANES DE NEGOCIO 3 TALLERES VIRTUALES DIGITALIZA TU NEGOCIO A 36 PARTICIPANTES 24 CONFERENCIAS VIRTUALES DE RECUPERACIÓN ANTE COVID 3 CURSOS DE VENTA EN LINEA Y MEDIDAS SANITARIA\" ', 'NUEVO LEÓN', 'MONTERREY', '180000', '140000', '100000', 'TALLER', 'MARCO LEGAL Y FISCAL', 'NO APLICA', 0, '16/03/2022', 'FORMACION INCLUYE: INOVACION SOCIAL CON 4 HORAS', ''),
(3, 50, 5, 2, 'ANDREA TAPIA ÁLVAREZ', 'NO APLICA', 'MEDIO AMBIENTE', '2018', 'RED DE ECOESCUELAS PARQUE NACIONAL LAGUNAS DE CHACAHUA', 'CONFORMAR UNA RED INTERESCOLAR DE 6 COMUNIDADES DEL PARQUE NACIONAL LAGUNAS DE CHACAHUA, QUE INTERCAMBIEN EXPERIENCIAS Y DESARROLLEN PROYECTOS COLECTIVOS E INNOVADORES QUE FOMENTEN EL CUIDADO DEL MEDIO AMBIENTE, LA CIUDADANÍA, LA EDUCACIÓN PARA LA PAZ Y LA INNOVACIÓN.', '|INFANCIA (6-12 AÑOS),ADOLESCENCIA (13-18 AÑOS),ADULTEZ (30-59 AÑOS)|', 56, 85, 0, 'SELECCIONADO', '21/03/2017', '01/12/2021', 'PROPIOS', '', '', '', '', '', 'INVOLUCRAR A LA COMUNIDAD EDUCATIVA EN EL DISEÑO Y CONSTRUCCION COLABORATIVA DEL TALLER DE COCINA DE', 'OAXACA', 'PARQUE NACIONAL LAGUNAS DE CHACAHUA', '180000', '140000', '100000', 'DIPLOMADO', 'MARCO LEGAL Y FISCAL', 'NO APLICA', 0, '01/12/2021', 'FORTALECIMIENTO INCLUYE: MODELO DE INTERVENCIÓN, GOBERNANZA Y PLANEACIÓN ESTRATEGICA', ''),
(4, 51, 4, 2, 'NO APLICA', 'NO APLICA', 'CULTURA', '2017', 'BARRO APROBADO: POR UN AMBIENTE LIMPIO DE PLOMO EN EL SECTOR ALFARERO DE MICHOACAN Y PUEBLA ', 'REDUCIR LA EXPOSICIÓN AL PLOMO DE LAS COMUNIDADES ALFARERAS DE SANTA FE DE LA LAGUNA, MICHOACAN Y DEL BARRIO DE LA LUZ DE PUEBLA, A TRAVÉS DE MEDICIONES DE NIVELES DE PLOMO EN SANGRE, REMEDIACIÓN Y LIMPIEZA DE VIVIENDAS Y TALLERES FAMILIARES Y CAPACITACIONES EN USO DE ESMALTES LIBRES DE PLOMO PARA A', '|PRIMERA INFANCIA (0-5 AÑOS),INFANCIA (6-12 AÑOS),ADULTEZ (30-59 AÑOS)|', 126, 132, 0, 'SELECCIONADO', '01/07/2018', '01/07/2021', 'PROPIOS', '', '', '', '', '', 'SE ENTREGARON LOS PRIMEROS PLANOS EN SEPTIEMBRE, AUN FALTA ENTREGARLOS A MÁS ALFAREROS Y HACERLOS DI', '|MICHOACÁN,PUEBLA|', 'SANTA FE LAGUNA, MICHOACÁN Y BARIIO DE LA LUZ', '180000', '140000', '100000', 'SIN FORMACIÓN', '', '', 0, '', '', ''),
(5, 37, 4, 2, 'NO APLICA', 'NO APLICA', 'IGUALDAD DE GÉNERO', '2017', 'NIÑAS Y MUJERES EN UNA COMUNIDAD SEGURA ', 'CONTRIBUIR A LA PREVENCION DEL ABUSO SEXUAL CONTRA NIÑAS Y MUJERES JOVENES EN MALINALCO', '|INFANCIA (6-12 AÑOS),ADOLESCENCIA (13-18 AÑOS),JUVENTUD (19-29 AÑOS),PERSONA MAYOR (60 AÑOS O MÁS)|', 40, 104, 0, 'SELECCIONADO', '01/08/2018', '30/07/2021', 'PROPIOS', '', '', '', '', '', 'UN PROTOCOLO DE ATENCIÓN ESPECIALIZADA DISEÑADO. AVALADO POR UNA ORGANIZACIÓN EXPERTA. EXISTENCIA DE', 'ESTADO DE MÉXICO', 'MALINALCO', '180000', '140000', '100000', 'DIPLOMADO', 'COMUNICACIÓN Y MECADOTECNIA SOCIAL', 'NO APLICA', 0, '01/12/2021', 'FORTALECIMIENTO INCLUYE: TEORIA DEL CAMBIO', ''),
(6, 52, 6, 2, 'NO APLICA', 'NO APLICA', 'EDUCACIÓN', '2019', 'CREANDO OPCIONES DE DESARROLLO PARA ADOLESCENTES Y JOVENES FORTALECIENDO SUS HABILIDADES PARA LA VIDA IMPULSANDO SU PARTICIPACIÓN SOCIAL COMUNITARIA', 'GENERAR OPCIONES DE DESARROLLO HUMANO Y ECONOMICO PARA JOVENES IMPULSANDO SU PARTICIPACIÓN SOCIAL COMUNITARIA', '|INFANCIA (6-12 AÑOS),ADOLESCENCIA (13-18 AÑOS),ADULTEZ (30-59 AÑOS)|', 75, 75, 0, 'SELECCIONADO', '01/11/2019', '01/10/2022', 'PROPIOS', '', '', '', '', '', 'SE ACORDO IMPULSAR LA CONVOCATORIA CON AUTORIDADES COMUNITARIAS PARA LA PARTICIPACIÓN DE JOVENES ', 'NO APLICA', 'XOCHIMILCO', '180000', '140000', '', 'DIPLOMADO', 'DIPLOMADO', 'NO APLICA', 0, '01/12/2021', '', ''),
(7, 61, 29, 2, 'NO APLICA', 'NO APLICA', 'MEDIO AMBIENTE', '2018', 'CAMBIENTAL, DESARROLLO DE HABILIDADES PARA UNA CIUDADANIA CON ESTILOS DE VIDA SOSTENIBLES ', 'FOMENTAR HABILIDADES PARA ESTILOS DE VIDA SOSTENIBLES EN LA CIUDADANIA QUE CONLLEVEN ENTENDIMIENTO DEL ENTORNO NATURA, UNA INTERACCION RESPONSABLE CON LA BIODIVERSIDAD, GENERANDO CADENAS DE VALOR QUE IMPACTEN POSITIVAMENTE EN EL ENTORNO ECONOMICO Y SOCIAL CON PRACTICAS CONCRETAS EN LA VIDA COTIDIANA', '|PRIMERA INFANCIA (0-5 AÑOS),INFANCIA (6-12 AÑOS),ADOLESCENCIA (13-18 AÑOS),ADULTEZ (30-59 AÑOS)|', 2177, 3091, 0, 'SELECCIONADO', '01/09/2019', '31/01/2021', 'ALIADO FINANCIERO', 'TOYOTA  MOTOR SALES DE MÉXICO S DE RL DE CV', '', '', '', '', '64 COMPOSTEROS INSTALADOS, 67 FAMILIAS PRODUCIENDO ALIMENTOS, 22900 KG DE RESIDUOS NO VERTIDOS EN BA', 'NUEVO LEÓN', 'NUEVO LEON, JUAREZ, ESCOBEDO', '350000', '350000', '', 'SIN FORMACIÓN', '', 'SIN FORTALECIMIENTO', 0, '', '', ''),
(8, 3, 29, 2, 'NO APLICA', 'NO APLICA', 'SEGURIDAD VIAL', '2018', 'CIUDAD SEGURA, PROGRAMA PARA EL FOMENTO DE LA CULTURA VIAL', 'REDUCIR EL NUMERO DE MUERTOS Y LESIONES CAUSADAS POR ACCIDENTES DE TRANSITO, PROMOVIENDO UNA CULTURA DE EDUCACION VIAL EN ZONAS PERIURBANAS DE TUXTLA GUTIERREZ Y CHIAPA DE CORZO, CHIAPAS', '|PRIMERA INFANCIA (0-5 AÑOS),INFANCIA (6-12 AÑOS),ADOLESCENCIA (13-18 AÑOS),ADULTEZ (30-59 AÑOS)|', 2155, 1829, 0, 'SELECCIONADO', '01/09/2018', '31/01/2021', 'ALIADO FINANCIERO', 'TOYOTA  MOTOR SALES DE MÉXICO S DE RL DE CV', '', '', '', '', 'META ALCANZADA EL PRIMER AÑO, 24 CAPACITACIONES FORMACION IMPARTIDAS, 52 CIRCUITOS, , 19 PLATICAS IM', 'CHIAPAS', 'TUXTLA GUTIERREZ Y CHIAPA DE CORZO', '350000', '350000', '', 'SIN FORMACIÓN', '', 'SIN FORTALECIMIENTO', 0, '', '', ''),
(9, 59, 29, 2, 'NO APLICA', 'NO APLICA', 'EDUCACIÓN', '2018', 'PARTICIPACION JUVENIL Y DESARROLLO DE HABILIDADES SOCIOEMOCIONALES', 'FACILITAR UNA TRANSICION EXITOSA DE LA ADOLESCENCIA A LA ADULTEZ AL PROMOVER LA PARTICIPACION PROTAGONICA DE 100 ADOLESCENTES EN EL DESARROLLO DE HABILIDADES SOCIOEMOCIONALES DE ESTUDIANTES DE SECUNDARIA EN LA CIUDAD DE CANCUN, QUINTANA ROO', 'ADOLESCENCIA (13-18 AÑOS)', 50, 50, 0, 'SELECCIONADO', '18/08/2018', '31/01/2021', 'ALIADO FINANCIERO', 'TOYOTA  MOTOR SALES DE MÉXICO S DE RL DE CV', '', '', '', '', '50 JOVENES INVOLUCRADOS EN LA ELABORACION DE PROYECTOS SOCIALES, 4 PROYECTOS PARA LA PROMOCION DE HA', 'QUINTANA ROO', 'BENITO JUAREZ ', '350000', '350000', '', 'SIN FORMACIÓN', '', 'SIN FORTALECIMIENTO', 0, '', '', ''),
(10, 62, 28, 2, 'NO APLICA', 'NO APLICA', 'EDUCACIÓN', '2019', 'ESTRATEGIAS DE PARTICIPACION SOCIAL EN EDUCACION PARA EL MEJORAMIENTO DE CONTEXTOS ESCOLARES Y EL FORTALECIMIENTO DE LOS APRENDIZAJES EN ESCUELA PUBLICAS DEL NIVEL BASICO', 'IMPLEMENTAR UN MODELO DE INTERVENCION ESCOLAR PARTICIPATIVO Y DE CORRESPONSABILIDAD EN EDUCACION, DESARROLLO FAMILIAR, SALUD Y MEDIO AMBIENTE, EN 10 ESCUELA PUBLICAS DE NIVEL BASICO EN CONTEXTOS SOCIOECONOMICOS VULNERABLES DEL MUNICIPIO DE ZACATLAN, PUEBLA PARA INTEGRAR Y FORTALECER LA COMUNIDAD EDU', '|INFANCIA (6-12 AÑOS),ADOLESCENCIA (13-18 AÑOS)|', 1540, 1790, 0, 'SELECCIONADO', '11/01/2019', '28/02/2022', 'ALIADO FINANCIERO', 'TOYOTA  MOTOR SALES DE MÉXICO S DE RL DE CV', '', '', '', '', '155 MOCHILAS VIAJERAS PRESTADAS, 243 VIDEOS COMPARTIDOS, 58 INFOGRAFIAS REALIZADAS, 56 DOCENTES ATEN', 'PUEBLA', 'POXCUATZINGO, CUAUTILULCO, CUACUILA', '350000', '350000', '', 'SIN FORMACIÓN', '', 'SIN FORTALECIMIENTO', 0, '', '', ''),
(11, 64, 28, 2, 'NO APLICA', 'NO APLICA', 'MEDIO AMBIENTE', '2019', 'RECICLAJE INCLUSIVO EN HUAJUAPAN DE LEON: GESTION PARTICIPATIVA E INCLUYENTE DE LOS RESIDUOS EN SUR DE MEXICO COMO ESTRATEGIA DE MEJORAMIENTO AMBIENTAL, COMUNITARIO Y DESARROLLO DE SECTORES ALTAMENTE VULNERABLES EN OAXACA.', 'MEJORAR LA GESTION DE RESIDUOS SOLIDOS URBANOS EN EL MUNICIPIO DE HUAJUAPAN DE LEON, OAXACA, A TRAVES DE LA INCLUSION DE RECICLADORES-PEPENADORES, EL AUMENTO EN LA EFICIENCIA DEL RECICLAJE Y LA VINCULACION INSTITUCIONAL, CON EL FIN DE MEJORAR LA SUSTENTABIBLIDAD AMBIENTAL, LA CALIDAD DE VIDA Y LOS I', 'ADULTEZ (30-59 AÑOS)', 23, 28, 0, 'SELECCIONADO', '30/11/2019', '31/01/2022', 'ALIADO FINANCIERO', 'TOYOTA  MOTOR SALES DE MÉXICO S DE RL DE CV', '', '', '', '', 'CAPACITACION DE RECICLADORES EN TEMAS DE COOPERATIVISMO Y ECONOMIA CIRCULAR. CERTIFIACION OTORGADA P', 'OAXACA', 'HUAJUAPAN DE LEON', '350000', '350000', '', 'SIN FORMACIÓN', '', 'SIN FORTALECIMIENTO', 0, '', '', ''),
(12, 65, 28, 2, 'NO APLICA', 'NO APLICA', 'MEDIO AMBIENTE', '2019', 'RESTAURACION Y CONSERVACION DE LA RESERVA DE LA BIOSFERA ISLA GUADALUPE A TRAVES DE LA REFORESTACION AMBIENTAL Y MANEJO DE RESIDUOS SOLIDOS, PARA LA SUSTENTABILIDAD, EL MEJORAMIENTO DE LA CALIDAD DE VIDA, EL FOMENTO DE IDENTIDAD Y SENTIDO DE PERTENENCIA EN LA COMUNIDAD INSULAR.', 'MEJORAR LA CALIDAD DE VIDA DE LA COMUNIDAD DE LA ISLA GUADALUPE, POR MEDIO DE LA RESTAURACION Y EMBELLECIMIENTO DEL ESPACIO COMUNITARIO HABITADO, ASI COMO IMPULSAR EL MANEJO SUSTENTABLE POR MEDIO DEL DESARROLLO DE CAPACIDADES TEORICAS Y OPERATIVAS DE LOS MIEMBROS DE LA COMUNIDAD EN CUANTO A REFOREST', '|PRIMERA INFANCIA (0-5 AÑOS),INFANCIA (6-12 AÑOS),ADOLESCENCIA (13-18 AÑOS),ADULTEZ (30-59 AÑOS)|', 50, 50, 0, 'SELECCIONADO', '01/10/2019', '01/10/2021', 'ALIADO FINANCIERO', 'TOYOTA  MOTOR SALES DE MÉXICO S DE RL DE CV', '', '', '', '', 'COMPRA Y TRANSPORTE DE MATERIALES A PARTIR DE OBTENCION DEL PERMISO, CONSTRUCCION DEL VIVERO E INVER', '|BAJA CALIFORNIA,OAXACA|', 'ISLA GUADALUPE', '350000', '350000', '', 'SIN FORMACIÓN', '', 'SIN FORTALECIMIENTO', 0, '', '', ''),
(13, 68, 27, 2, 'NO APLICA', 'NO APLICA', 'EDUCACIÓN', '2020', 'APP CARISMA, BAILA, VIBRA E INVENTA', 'DESARROLLAR UNA HERRAMIENTA DIGITAL QUE APORTE AL DESARROLLO HUMANO Y CONCIENCIA INTEGRAL DE LAS INFANCIAS A TRAVES DE CONTENIDOS LUDICOS DONDE EL MOTOR PRINCIPAL SEAN LA MUSICA Y LA DANZA, CONTRARRESTADO LOS EFECTOS NEGATIVOS DEL SEDENTARISMO QUE PROMUEVE EL CONFINAMIENTO. ', '|INFANCIA (6-12 AÑOS),ADOLESCENCIA (13-18 AÑOS),ADULTEZ (30-59 AÑOS)|', 0, 0, 0, 'SELECCIONADO', '01/01/2021', '01/12/2022', 'ALIADO FINANCIERO', 'TOYOTA  MOTOR SALES DE MÉXICO S DE RL DE CV', '', '', '', '', 'UNA APLICACION INTERACTIVA DESARROLLADA AL 100% ', 'BAJA CALIFORNIA', 'TIJUANA', '250000', '250000', '', 'SIN FORMACIÓN', '', 'SIN FORTALECIMIENTO', 0, '', '', ''),
(14, 70, 27, 2, 'NO APLICA', 'NO APLICA', 'MEDIO AMBIENTE', '2020', 'PROGRAMA COMUNITARIO DE REHABILITACION Y REFORESTACION DEL HUMEDAL DE XOCHIMILCO: SISTEMA DE CHINAMPAS Y CANALES', 'REHABILITAR EL SISTEMA LACUSTRE DE XOCHIMILCO MEDIANTE UN PROGRAMA CON REFORESTACIONES COMUNITARIAS, VOLUNTARIADO CORPORATIVO, CAPACITACIONES Y RECUPERACION DE ESPACION NATURALES, PARA OFRECER OPORTUNIDADES DE MEJORA ECONOMICA Y PRODUCTIVA A LAS PERSONAS DE COMUNIDAD', '|ADOLESCENCIA (13-18 AÑOS),ADULTEZ (30-59 AÑOS)|', 20, 30, 0, 'SELECCIONADO', '10/12/2020', '11/12/2022', 'ALIADO FINANCIERO', 'TOYOTA  MOTOR SALES DE MÉXICO S DE RL DE CV', '', '', '', '', 'HASTA 10 JORNADAS DE LIMPIEZA Y REHABILITACION DE CHINAMPAS Y CANALES 5KM LIMPIOS', 'CIUDAD DE MÉXICO', 'XOCHIMILCO', '250000', '250000', '', 'SIN FORMACIÓN', '', 'SIN FORTALECIMIENTO', 0, '', '', ''),
(15, 69, 27, 2, 'NO APLICA', 'NO APLICA', 'SEGURIDAD VIAL', '2020', 'RUTA P: PASOS SEGUROS PARA VALLE DE PUEBLA ', 'PROMOVER LA MOVILIDAD SEGURA, SOSTENIBLE Y ACCESIBLE EN LAS UNIDADES HABITACIONALES QUE CONFORMAN EL AREA DE \"LOS PUEBLAS\"', '|PRIMERA INFANCIA (0-5 AÑOS),INFANCIA (6-12 AÑOS),ADOLESCENCIA (13-18 AÑOS),ADULTEZ (30-59 AÑOS)|', 666, 1258, 0, 'SELECCIONADO', '01/12/2020', '01/12/2022', 'ALIADO FINANCIERO', 'TOYOTA  MOTOR SALES DE MÉXICO S DE RL DE CV', '', '', '', '', 'CONTEO DE USUARIOS, PEATONES, CICLISTAS Y TRANSPORTE, FICHAS DE LEVANTAMIENTO ', 'BAJA CALIFORNIA', 'MEXICALI', '250000', '', '', 'SIN FORMACIÓN', '', 'SIN FORTALECIMIENTO', 0, '', '', ''),
(16, 20, 1, 2, 'NO APLICA', 'NO APLICA', 'INSTITUCIONALIDAD', '2019', 'NO APLICA', 'NO APLICA ', '|INFANCIA (6-12 AÑOS),ADOLESCENCIA (13-18 AÑOS),JUVENTUD (19-29 AÑOS),ADULTEZ (30-59 AÑOS)|', 0, 0, 0, 'SELECCIONADO', '22/10/2021', '22/10/2021', 'PROPIOS', '', '', '', '', '', '', 'NO APLICA', '', '100000', '100000', '100000', 'DIPLOMADO', 'MODELO DE INTERVENCIÓN', 'PLANEACIÓN ESTRATÉGICA', 0, '22/10/2021', 'FORTALECIMIENTO INCLUYE: PLANEACIÓN ESTRATEGIA Y MOVILIZACIÓN DE RECURSOS', 'k.vilchis@fundacionmerced.org.mx'),
(17, 54, 3, 2, 'NO APLICA', 'NO APLICA', 'EDUCACIÓN', '2021', 'NO APLICA', 'NO APLICA', 'INFANCIA (6-12 AÑOS)', 291, 263, 0, 'SELECCIONADO', '22/10/2021', '29/12/2023', 'PROPIOS', '', '', '', '', '', 'NA', 'ESTADO DE MÉXICO', 'IXTAPALUCA', '100000', '100000', '100000', 'DIPLOMADO', 'DIPLOMADO', 'PLANEACIÓN ESTRATÉGICA', 0, '14/02/2022', '', 'k.vilchis@fundacionmerced.org.mx'),
(18, 54, 3, 2, 'NO APLICA', 'NO APLICA', 'EDUCACIÓN', '2021', 'NO APLICA', 'NO APLICA', '|INFANCIA (6-12 AÑOS),ADOLESCENCIA (13-18 AÑOS),JUVENTUD (19-29 AÑOS),ADULTEZ (30-59 AÑOS),PERSONA MAYOR (60 AÑOS O MÁS)|', 95, 959, 0, 'SELECCIONADO', '22/10/2021', '31/12/2023', 'PROPIOS', '', '', '', '', '', 'NA', 'NO APLICA', 'VER COMENTARIOS', '100000', '100000', '100000', 'DIPLOMADO', 'DIPLOMADO', '|DIAGNÓSTICO DE MADUREZ INSTITUCIONAL EN LÍNE', 0, 'N/A', 'MUNICIPIOS: VILLA VICTORIA (EDOMEX) TZICATLACOYAN Y TECALI DE HERRERA (PUEBLA)  CIUDAD DE OAXACA  TEPIC Y STA. MARIA DEL ORO (NAYARIT)', 'k.vilchis@fundacionmerced.org.mx'),
(19, 55, 2, 2, 'NO APLICA', 'NO APLICA', 'SEGURIDAD ALIMENTARIA', '2020', 'NO APLICA', 'NO APLICA', '|PRIMERA INFANCIA (0-5 AÑOS),INFANCIA (6-12 AÑOS),ADOLESCENCIA (13-18 AÑOS),JUVENTUD (19-29 AÑOS),ADULTEZ (30-59 AÑOS),PERSONA MAYOR (60 AÑOS O MÁS)|', 9846, 15412, 0, 'SELECCIONADO', '22/10/2020', '01/12/2022', 'PROPIOS', '', '', '', '', '', 'NA', 'CIUDAD DE MÉXICO', 'IZTACALCO', '200000', '200000', '200000', 'DIPLOMADO', 'DIPLOMADO', '|FORTALECIMIENTO EQUIPO OPERATIVO,ÓRGANO DE G', 0, 'N/A', '', 'k.vilchis@fundacionmerced.org.mx'),
(20, 56, 1, 10, 'ANA MARÍA LEÓN MIRAVALLES', 'NO APLICA', 'INSTITUCIONALIDAD', '2019', 'NO APLICA', 'NO APLICA', '|ADOLESCENCIA (13-18 AÑOS),JUVENTUD (19-29 AÑOS),ADULTEZ (30-59 AÑOS)|', 562, 840, 0, 'SELECCIONADO', '22/10/2021', '22/10/2021', 'PROPIOS', '', '', '', '', '', '', 'ESTADO DE MÉXICO', '', '100000', '100000', '100000', 'DIPLOMADO', 'MODELO DE INTERVENCIÓN', '|FORTALECIMIENTO EQUIPO OPERATIVO,PLANEACIÓN', 0, 'N/A', '', 'k.vilchis@fundacionmerced.org.mx'),
(21, 40, 32, 2, 'NO APLICA', 'NO APLICA', 'INSTITUCIONALIDAD', '2021', 'NO APLICA ', 'NO APLICA', '|PRIMERA INFANCIA (0-5 AÑOS),INFANCIA (6-12 AÑOS),ADOLESCENCIA (13-18 AÑOS),JUVENTUD (19-29 AÑOS)|', 0, 0, 0, 'SELECCIONADO', '01/05/2021', '01/11/2021', 'PROPIOS', '', '', '', '', '', 'APAC CUMPLE 55 AÑOS DE TRAYECTORIA Y RECIBIR EL PREMIO RAZÓN DE SER INSTITUCIONALIDAD CONSTITUYE UN RECONOCIMIENTO A SU LABOR. ', '|NO APLICA,CIUDAD DE MÉXICO|', 'CUAUHTÉMOC', '400000', '', '', 'SIN FORMACIÓN', '', 'NO APLICA', 0, 'N/A', '', 's.palestino@fundacionmerced.org.mx'),
(22, 3, 8, 11, 'NO APLICA', 'NO APLICA', 'EDUCACIÓN', '2020', 'PREMIO RAZÓN DE SER', 'EL PREMIO RAZÓN DE SER RECONOCE LA TRAYECTORIA Y OTORGA UN RECONOCIMIENTO A LA LABOR SOCIAL EN MÉXICO', 'ORGANIZACIONES DE LA SOCIEDAD CIVIL', 0, 0, 4, 'SELECCIONADO', '01/02/2018', '15/12/2018', 'ALIADO FINANCIERO', 'FUNDACIÓN DE AGENTES ADUANALES PARA LA ASISTENCIA INFANTIL', '', '', '', '', 'POR PRIMER AÑO SE DESARROLLÓ LA CATEGORÍA SOCIAL EN EL AMBITO DE MIGRACIÓN Y SE OTORGÓ UN RECONOCIMIENTO POR 300000 PESOS A LA ORGANIZACIÓN SELECCIONADA EN LA CATEGORÍA, SUMANDO UN NUEVO ALIADO FINANCIERO Y ESTRATÉGICO AL PROYECTO', 'NO APLICA', 'GUADALAJARA', '300000', '', '', 'SIN FORMACIÓN', '', 'NO APLICA', 0, '16/12/2021', 'ELIMINAR ESTE REGISTRO, LO HICE DE PRUEBA', 'r.trejo@fundacionmerced.org.mx'),
(23, 31, 42, 2, 'NO APLICA', 'NO APLICA', 'EMPRENDIMIENTO SOCIAL', '2018', 'PREMIO RAZÓN DE SER', 'EL PREMIO RAZÓN DE SER RECONOCE LA TRAYECTORIA Y OTORGA UN RECONOCIMIENTO A LA LABOR SOCIAL EN MÉXICO', 'ORGANIZACIONES DE LA SOCIEDAD CIVIL', 0, 0, 4, 'SELECCIONADO', '01/02/2018', '15/12/2018', 'PROPIOS', '', '', '', '', '', 'SE OTORGÓ UN PREMIO POR 350MIL PESOS EN LA CATEGORÍA DE INSTITUCIONALIDAD', '|NO APLICA,ESTADO DE MÉXICO|', 'MIGUEL HIDALGO', '350000', '', '', 'SIN FORMACIÓN', '', 'NO APLICA', 0, '16/12/2021', '', 'r.trejo@fundacionmerced.org.mx'),
(24, 26, 19, 27, 'NO APLICA', 'NO APLICA', 'MEDIO AMBIENTE', '2021', 'PROYECTOS PRODUCTIVOS SOSTENIBLES EN LA RESERVA DE LA BIOSFERA DE LA MARIPOSA MONARCA', 'REDUCCIÓN DE LA VULNERABILIDAD SOCIAL Y AMBIENTAL PARA PREVENIR RIESGOS Y AUMENTAR LA RESILIENCIA EN LAS COMUNIDADES DE LA RESERVA DE LA BIOSFERA DE LA MARIPOSA MONARCA (RBMM), A TRAVÉS DEL DESARROLLO DE CAPACIDADES.', 'ORGANIZACIONES DE LA SOCIEDAD CIVIL', 0, 0, 1, 'SELECCIONADO', '30/07/2021', '17/12/2021', 'ALIADO FINANCIERO', 'GLOBALGIVING FOUNDATION INC', '', '', '', '', 'SE APOYO AL FORTALECIMIENTO DE LAS CAPACIDADES DE PERSONAS EN LA PRODUCCIÓN DE VERDURAS ORGÁNICAS, ASÍ COMO EN LA CONSERVA DE VERDURAS Y LA EMPRESARIALIDAD RURAL', 'NO APLICA', 'ÁPORO Y ANGANGUEO', '100000', '', '', 'SIN FORMACIÓN', NULL, 'NO APLICA', 0, 'N/A', '', 'e.estrada@fundacionmerced.org.mx'),
(25, 17, 12, 15, 'LETICIA MARTINEZ GIL - FUNDACION ZICARO', 'SANDRA SÁNCHEZ SERRANO', 'EDUCACIÓN', '2029', 'PRUEBA', 'PRUEBA', '|INFANCIA (6-12 AÑOS),PERSONA MAYOR (60 AÑOS O MÁS)|', 50, 33, 33, 'SELECCIONADO', '16/03/2022', '22/03/2022', 'ALIADO FINANCIERO', 'FIDEICOMISO POR LOS NIÑOS DE MEXICO, TODOS EN SANTANDER F/321241 SA', 'GRUPO ALTÍA IAP', NULL, 'PEDAZO POR PEDAZO UN MUNDO MEJOR PHILANTROPIECE AC', 'QUÁLITAS COMPAÑÍA  DE SEGUROS SA DE CV', 'PRUEBA', 'SAN LUIS POTOSÍ', 'PRUEBA', '500', '500', '500', 'CURSO', 'MODELO DE INTERVENCIÓN', 'SOSTENIBILIDAD FINANCIERA', 5, '24/03/2022', 'PRUEBA', 'v.cardin@fundacionmerced.org.mx'),
(26, 5, 8, 18, 'LUCIA DEL CARMEN REBOLLO ARANA', 'SANDRA SÁNCHEZ SERRANO', 'PARTICIPACIÓN CIUDADANA', '2020', 'PRUEBA', 'PRUEBA', '|PRIMERA INFANCIA (0-5 AÑOS),INFANCIA (6-12 AÑOS),ADOLESCENCIA (13-18 AÑOS),ADULTEZ (30-59 AÑOS),PERSONA MAYOR (60 AÑOS O MÁS)|', 33, 33, 33, 'SELECCIONADO', '16/03/2022', '16/03/2022', 'ALIADO FINANCIERO', 'GLOBALGIVING FOUNDATION INC', 'TOYOTA FINANCIAL SERVICES MÉXICO (VERIFICAR)', 'FUNDACIÓN GRISI AC', NULL, NULL, 'PRUEBA', '|NO APLICA,TLAXCALA|', 'PUEBLA', '500', '500', '500', 'DIPLOMADO', 'MONITOREO Y EVALUACIÓN', '|NO APLICA,ESTRUCTURA ORGANIZACIONAL Y ADMINI', 5, '24/03/2022', 'PRUEBA', 'v.cardin@fundacionmerced.org.mx'),
(27, 30, 42, 18, 'NO APLICA', 'NO APLICA', 'EDUCACIÓN', '2018', 'PREMIO RAZON DE SER', 'EL PREMIO RAZON DE SER RECONOCE LA TRAYECTORIA Y OTORGA UN RECONOCIMIENTO A LA LABOR SOCIAL EN MEXICO', 'ORGANIZACIONES DE LA SOCIEDAD CIVIL', 0, 0, 1, 'SELECCIONADO', '01/02/2018', '15/12/2018', 'ALIADO FINANCIERO', 'TOYOTA  FINANCIAL SERVICES MEXICO SA DE CV', NULL, NULL, NULL, NULL, 'SE OTORGÓ UN PREMIO POR 300MIL PESOS EN LA CATEGORÍA DE EDUCACIÓN ', 'NO APLICA', 'SANTIAGO DE QUERÉTARO ', '300000', '', '', 'SIN FORMACIÓN', NULL, 'NO APLICA', 0, '10/03/2022', '', 'r.trejo@fundacionmerced.org.mx'),
(28, 32, 50, 29, 'NO APLICA', 'NO APLICA', 'TRABAJO DIGNO', '2018', 'PREMIO RAZÓN DE SER', 'EL PREMIO RAZON DE SER RECONOCE LA TRAYECTORIA Y OTORGA UN RECONOCIMIENTO A LA LABOR SOCIAL EN MEXICO', 'ORGANIZACIONES DE LA SOCIEDAD CIVIL', 0, 0, 1, 'SELECCIONADO', '01/02/2018', '15/12/2018', 'ALIADO FINANCIERO', 'FUNDACIÓN DE AGENTES ADUANALES PARA LA ASISTENCIA INFANTIL AC', NULL, NULL, NULL, NULL, 'POR PRIMER AÑO SE LANZO UNA CATEGORÍA DIRIGIDA A LA POBLACIÓN MIGRANTE-SE OTORGÓ UN PREMIO POR 300MIL PESOS EN LA CATEGORÍA DE MIGRACIÓN', 'NO APLICA', 'GUADALAJARA', '300000', '', '', 'SIN FORMACIÓN', NULL, 'NO APLICA', 0, '10/03/2022', 'EN EL CAMPO DE \"TEMA DEBE DECIR MIGRACIÓN PERO NO APARECE COMO OPCIÓN DESPLEGABLE\" ', 'r.trejo@fundacionmerced.org.mx'),
(29, 31, 42, 30, 'NO APLICA', 'NO APLICA', 'INSTITUCIONALIDAD', '2018', 'PREMIO RAZON DE SER', 'EL PREMIO RAZON DE SER RECONOCE LA TRAYECTORIA Y OTORGA UN RECONOCIMIENTO A LA LABOR SOCIAL EN MEXICO', 'ORGANIZACIONES DE LA SOCIEDAD CIVIL', 0, 0, 1, 'SELECCIONADO', '01/02/2018', '15/12/2018', 'PROPIOS', NULL, NULL, NULL, NULL, NULL, 'SE OTORGÓ UN PREMIO POR 350MIL PESOS EN LA CATEGORÍA DE INSTITUCIONALIDAD', 'NO APLICA', 'MIGUEL HIDALGO', '350000', '', '', 'SIN FORMACIÓN', NULL, 'NO APLICA', 0, '10/03/2022', '', 'r.trejo@fundacionmerced.org.mx'),
(30, 29, 42, 31, 'NO APLICA', 'NO APLICA', 'MEDIO AMBIENTE', '2018', 'PREMIO RAZÓN DE SER', 'EL PREMIO RAZON DE SER RECONOCE LA TRAYECTORIA Y OTORGA UN RECONOCIMIENTO A LA LABOR SOCIAL EN MEXICO', 'ORGANIZACIONES DE LA SOCIEDAD CIVIL', 0, 0, 0, 'SELECCIONADO', '01/02/2018', '15/12/2018', 'ALIADO FINANCIERO', 'FUNDA CION KA LUZ, A .C.', NULL, NULL, NULL, NULL, 'SE OTORGO UN PREMIO POR 300MIL PESOS EN LA CATEGORÍA DE DESARROLLO URBANO Y POR SEGUNDO  AÑO CONSECUTIVO SE LLEVO A CABO DICHA CATEGORÍA', 'NO APLICA', 'SAN  GREGORIO  ATLAPULCO  ', '300000', '', '', 'SIN FORMACIÓN', NULL, 'NO APLICA', 0, '10/03/2022', '', 'r.trejo@fundacionmerced.org.mx'),
(31, 44, 30, 18, 'NO APLICA', 'NO APLICA', 'EDUCACIÓN', '2019', 'PREMIO RAZON DE SER', 'EL PREMIO RAZON DE SER RECONOCE LA TRAYECTORIA Y OTORGA UN RECONOCIMIENTO A LA LABOR SOCIAL EN MÉXICO', 'ORGANIZACIONES DE LA SOCIEDAD CIVIL', 0, 0, 1, 'SELECCIONADO', '01/02/2019', '15/12/2019', 'ALIADO FINANCIERO', 'TOYOTA  FINANCIAL SERVICES MEXICO SA DE CV', NULL, NULL, NULL, NULL, 'SE OTORGÓ UN PREMIO POR 350MIL PESOS EN LA CATEGORÍA DE EDUCACIÓN , FINANCIADO POR SAÑO CONSECUTIVO POR TOYOTA', 'NO APLICA', 'ESTIPAC', '350000', '', '', 'SIN FORMACIÓN', NULL, 'NO APLICA', 0, '10/03/2022', '', 'r.trejo@fundacionmerced.org.mx'),
(32, 45, 30, 32, 'NO APLICA', 'NO APLICA', 'AGUA, SANEAMIENTO E HIGIENE', '2019', 'PREMIO RAZON DE SER', 'EL PREMIO RAZON DE SER RECONOCE LA TRAYECTORIA Y OTORGA UN RECONOCIMIENTO A LA LABOR SOCIAL EN MÉXICO', 'ORGANIZACIONES DE LA SOCIEDAD CIVIL', 0, 0, 1, 'SELECCIONADO', '01/02/2019', '15/12/2019', 'ALIADO FINANCIERO', 'FUNDA CION KA LUZ, A .C.', NULL, NULL, NULL, NULL, 'SE OTORGÓ UN PREMIO POR 350MIL PESOS EN LA CATEGORÍA DE DESARROLLO URBANO Y POR TERCER AÑO CONSECUTIVO SE LLEVO A CABO LA CATEGORIA DE DESARROLLO URBANO', 'NO APLICA', 'PIEDRAS NEGRAS', '350000', '', '', 'SIN FORMACIÓN', NULL, 'NO APLICA', 0, '10/03/2022', 'EN EL CAMPO \"TEMA DEBE APARECER DESARROLLO URBANO PERO NO APARECE EN DESPLEGABLE', 'r.trejo@fundacionmerced.org.mx'),
(33, 47, 30, 35, 'NO APLICA', 'NO APLICA', 'AGUA, SANEAMIENTO E HIGIENE', '2019', 'PREMIO RAZON DE SER', 'EL PREMIO RAZON DE SER RECONOCE LA TRAYECTORIA Y OTORGA UN RECONOCIMIENTO A LA LABOR SOCIAL EN MÉXICO', 'ORGANIZACIONES DE LA SOCIEDAD CIVIL', 0, 0, 1, 'SELECCIONADO', '01/02/2019', '15/12/2019', 'ALIADO FINANCIERO', 'FUNDACIÓN DE AGENTES ADUANALES PARA LA ASISTENCIA INFANTIL AC', NULL, NULL, NULL, NULL, 'POR SEGUNDO AÑO CONSECUTIVO SE LLEVO A CABO LA CATEGORIA DE MIGRACION,LOGRANDO UN AUMENTO EN EL MONTO DEL DONATIVO QUE SE OTROGO A LA ORGANIZACION ', 'CIUDAD DE MÉXICO', 'COYOACAN ', '350000', '', '', 'SIN FORMACIÓN', NULL, 'NO APLICA', 0, '10/03/2022', 'EN EL CAMPO \"TEMA AGREGAR MIGRACION”', 'r.trejo@fundacionmerced.org.mx'),
(34, 47, 30, 35, 'NO APLICA', 'NO APLICA', 'AGUA, SANEAMIENTO E HIGIENE', '2019', 'PREMIO RAZON DE SER', 'EL PREMIO RAZON DE SER RECONOCE LA TRAYECTORIA Y OTORGA UN RECONOCIMIENTO A LA LABOR SOCIAL EN MÉXICO', 'ORGANIZACIONES DE LA SOCIEDAD CIVIL', 0, 0, 1, 'SELECCIONADO', '01/01/2019', '15/12/2019', 'ALIADO FINANCIERO', 'FUNDACIÓN DE AGENTES ADUANALES PARA LA ASISTENCIA INFANTIL AC', NULL, NULL, NULL, NULL, 'SE OTORGÓ UN PREMIO POR 350MIL PESOS EN LA CATEGORÍA DE MIGRACION POR SEGUNDO AÑO CONSECUTIVO ', 'CIUDAD DE MÉXICO', 'CUAUHTÉMOC', '350000', '', '', 'SIN FORMACIÓN', NULL, 'NO APLICA', 0, '10/03/2022', '', 'r.trejo@fundacionmerced.org.mx'),
(35, 28, 30, 33, 'NO APLICA', 'NO APLICA', 'INSTITUCIONALIDAD', '2019', 'PREMIO RAZON DE SER', 'EL PREMIO RAZON DE SER RECONOCE LA TRAYECTORIA Y OTORGA UN RECONOCIMIENTO A LA LABOR SOCIAL EN MÉXICO', 'ORGANIZACIONES DE LA SOCIEDAD CIVIL', 0, 0, 1, 'SELECCIONADO', '01/02/2019', '15/12/2019', 'PROPIOS', 'FUNDACIÓN DE AGENTES ADUANALES PARA LA ASISTENCIA INFANTIL AC', NULL, NULL, NULL, NULL, '', 'CIUDAD DE MÉXICO', 'ALVARO OBREGON', '400000', '', '', 'SIN FORMACIÓN', NULL, 'NO APLICA', 0, 'N/A', '', 'r.trejo@fundacionmerced.org.mx'),
(36, 41, 36, 22, 'NO APLICA', 'NO APLICA', 'AGUA, SANEAMIENTO E HIGIENE', '2020', 'MEJORAMIENTO DE ENTORNOS DOMÉSTICOS EN LA COMUNIDAD DE SAN JUAN TLACOTENCO, MEDIANTE LA IMPLEMENTACIÓN DE SISTEMAS DE SANEAMIENTO DESCENTRALIZADOS CON ENFOQUE EN EL MANEJO DE AGUA SEGURA EN EL HOGAR, ASÍ COMO EN EL INCREMENTO DE PRÁCTICAS Y HÁBITOS DE HIGIENE. ', 'CONSTRUIR EN LA LOCALIDAD DE SAN JUAN TLACOTENCO, ENTORNOS SALUDABLES CON ENFOQUE EN AGUA SEGURA EN EL HOGAR Y UN SISTEMA DE SANEAMIENTO DESCENTRALIZADO CONSIDERANDO EL CIERRE DE CICLO DE NUTRIENTES CON LA PARTICIPACIÓN ACTIVA DE LAS PERSONAS PARA LA MEJORA DE SU AMBIENTE DOMÉSTICO Y COMUNITARIO. ', '|INFANCIA (6-12 AÑOS),ADOLESCENCIA (13-18 AÑOS),JUVENTUD (19-29 AÑOS),ADULTEZ (30-59 AÑOS),PERSONA MAYOR (60 AÑOS O MÁS)|', 105, 145, 1, 'SELECCIONADO', '01/01/2021', '31/12/2022', 'ALIADO FINANCIERO', 'TOYOTA  FINANCIAL SERVICES MEXICO SA DE CV', NULL, NULL, NULL, NULL, 'SE REALIZARON TALLERES COMUNITARIOS DE MANEJO DE AGUA SEGURA EN EL HOGAR, SANEAMIENTO E HIGIENE CON LA COMUNIDAD, ADEMÁS DE DETONAR PROCESOS PARTICIPATIVOS EN LOS QUE SE CONVOCÓ A LAS PERSONAS ATENDIDAS POR EL PROYECTO A CONOCER Y SELECCIONAR LOS BAÑOS SECOS QUE SE EMPEZARON A INSTALAR EN DICIEMBRE.', 'NO APLICA', 'TEPOZTLÁN', '1000000', '', '', 'SIN FORMACIÓN', NULL, 'NO APLICA', 2, '22/03/2022', 'EL FORTALECIMIENTO FUE DE CAJAS DE AHORRO COMUNITARIO', 's.palestino@fundacionmerced.org.mx'),
(37, 118, 56, 1, 'NO APLICA', 'NO APLICA', 'AGUA, SANEAMIENTO E HIGIENE', '2021', 'AGUA SEGURA Y SANEAMIENTO AMBIENTAL EN DOS LOCALIDADES DE LA MICROCUENCA DE SANTA ', 'MEJORAR EL ACCESO AL AGUA SEGURA Y AL SANEAMIENTO AMBIENTAL DEL HOGAR, MEDIANTE EL ESTABLECIMIENTO DE SISTEMAS DE ALMACENAMIENTO Y DISTRIBUCIÓN DE AGUA, CONSTRUCCIÓN DE ECOTÉCNIAS, INSTALACIÓN DE FILTROS PURIFICADORES DE AGUA POTABLE, OBRAS DE INFILTRACIÓN PARA LA CONSERVACIÓN DE MANANTIALES, AUNADO A LA DOTACIÓN DE BAÑOS ECOLÓGICOS SECOS, INSTALACIÓN DE FILTROS DE AGUAS GRISES Y UN PROGRAMA DE CAPACITACIÓN INTEGRAL SOBRE 1)GESTIÓN DE RECURSOS HIDRÍCOS, 2)MANEJO DE MICROCUENCAS, 3) GENERACIÓN DE OCSAS, 4)AGUA, SANEAMIENTO E HIGIENE, 5)EQUIDAD DE GÉNERO Y DERECHOS DE LAS MUJERES, 6) CONSTRUCCIÓN, USO Y MANTENIMIENTO DE ECOTÉCNIAS, EN DOS LOCALIDADES DE LA MICROCUENCA DE SANTA CATARINA ESTETLA, OAXACA. ', '|PRIMERA INFANCIA (0-5 AÑOS),INFANCIA (6-12 AÑOS),ADOLESCENCIA (13-18 AÑOS),JUVENTUD (19-29 AÑOS),ADULTEZ (30-59 AÑOS),PERSONA MAYOR (60 AÑOS O MÁS)|', 0, 0, 0, 'POSTULANTE', '', '', NULL, NULL, NULL, NULL, NULL, NULL, '', 'NO APLICA', '', '', '', '', NULL, NULL, 'NO APLICA', 0, 'N/A', '', 's.palestino@fundacionmerced.org.mx');

-- --------------------------------------------------------

--
-- Estructura de tabla para la tabla `organization`
--

CREATE TABLE `organization` (
  `id_organization` int(10) UNSIGNED NOT NULL,
  `org_name` varchar(150) NOT NULL,
  `intervention_area` varchar(45) NOT NULL,
  `other` varchar(50) NOT NULL,
  `rfc` varchar(13) NOT NULL,
  `state` varchar(45) NOT NULL,
  `municipality` varchar(45) NOT NULL,
  `blacklist` varchar(2) NOT NULL,
  `address` varchar(100) NOT NULL,
  `postal_code` tinytext NOT NULL,
  `website` varchar(45) NOT NULL,
  `register` varchar(100) NOT NULL
) ENGINE=InnoDB DEFAULT CHARSET=utf8mb4;

--
-- Volcado de datos para la tabla `organization`
--

INSERT INTO `organization` (`id_organization`, `org_name`, `intervention_area`, `other`, `rfc`, `state`, `municipality`, `blacklist`, `address`, `postal_code`, `website`, `register`) VALUES
(1, 'FUNDACIÓN MERCED QUERÉTARO AC', 'ASISTENCIA SOCIAL', '', 'FMQ010314PL2', 'QUERÉTARO', 'QUERÉTARO', 'NO', 'CERRO DE LA ESTRELLA NO. 133, COLINAS DEL CIMATARIO', '76090', 'https://fundacionmerced.org/', ''),
(2, 'HERMUN AC', 'ASISTENCIA SOCIAL', '', 'HER710320HA9', 'CIUDAD DE MÉXICO', 'CUAUHTÉMOC', 'NO', 'CEDRO 214, COL. SANTA MARÍA LA RIBERA', '6400', 'NO TIENE', ''),
(3, 'CRUZ ROJA  MEXICANA IAP', 'ASISTENCIA SOCIAL', '', 'CRM6702109K6', 'CIUDAD DE MÉXICO', 'MIGUEL HIDALGO', 'NO', 'JUAN LUIS VIVES NO.200 INT 2, COL. LOS MORALES POLANCO', '11510', 'https://www.cruzrojamexicana.org.mx/', ''),
(4, 'TOYOTA  MOTOR SALES DE MEXICO S DE RL DE CV', 'OTRA', 'SECTOR PRIVADO', 'TMS010508RX0', 'CIUDAD DE MÉXICO', 'MIGUEL HIDALGO', 'NO', 'PASEO DE TAMARINDOS NO.400, PISO 3, COL. BOSQUES DE LAS LOMAS', '5120', 'https://www.toyota.mx/', ''),
(5, 'TOYOTA  FINANCIAL SERVICES MEXICO SA DE CV', 'OTRA', 'SECTOR PRIVADO', 'TFS011012M18A', 'CIUDAD DE MÉXICO', 'CUAJIMALPA DE MORELOS', 'NO', 'PASEO DE LOS TAMARINDOS 400-B, PISO 4, COL. BOSQUES DE LAS LOMAS', '5120', 'https://toyotacredito.com.mx/', ''),
(6, 'PEDAZO POR PEDAZO UN MUNDO MEJOR PHILANTROPIECE AC', 'ASISTENCIA SOCIAL', 'PPU170606ML6', 'PPU170606ML6', 'BAJA CALIFORNIA SUR', 'COMONDU', 'NO', 'BENITO JUÁREZ, LOCAL 5, COLONIA CENTRO', '22600', 'philanthropieceac.org', ''),
(7, 'FIDEICOMISO POR LOS NIÑOS DE MEXICO, TODOS EN SANTANDER F/321241 SA', 'OTRA', 'SECTOR PRIVADO', 'FND940701NY6', 'CIUDAD DE MÉXICO', 'ALVARO OBREGON', 'NO', 'PROLONGACION PASEO DE LA REFORMA, NO.500, LOMAS DE SANTA FE', '1219', 'https://servicios.santander.com.mx/fideicomis', ''),
(8, 'FUNDACION GONZALO RIO ARRONTE IAP', 'OTRA', 'FORTALECIMIENTO INSTITUCIONAL', 'FGR0003285U0', 'CIUDAD DE MÉXICO', 'ALVARO OBREGON', 'NO', 'AV. BOULEVARD ADOLFO LOPEZ MATEOS NO. 2009, PISO 1, COL. LOS ALPES', '1010', 'https://fundaciongonzalorioarronte.org/', ''),
(9, 'ROTOPLAS SA DE CV', 'OTRA', 'SECTOR PRIVADO', 'ROT7802026ZA', 'CIUDAD DE MÉXICO', 'MIGUEL HIDALGO', 'NO', 'PEDREGAL 24, PISO 19, LOMAS VIRREYES, MOLINO DEL REY', '1140', 'https://rotoplas.com.mx/', ''),
(10, 'NACIONAL MONTE DE PIEDAD IAP', 'OTRA', 'FORTALECIMIENTO INSTITUCIONAL', ':NMP7502257ZA', 'CIUDAD DE MÉXICO', 'MIGUEL HIDALGO', 'NO', 'BOULEVARD MANUAL ÁVILA CAMACHO NO. 32 PISO 17', '11000', 'https://www.montepiedad.com.mx/', ''),
(11, 'FUNDACIÓN MOISÉS ITZKOWICH AC', 'OTRA', 'FORTALECIMIENTO INSTITUCIONAL', 'FMI1810307X9', 'CIUDAD DE MÉXICO', 'MIGUEL HIDALGO', 'NO', 'AV PASEO DE LAS PALMAS NO.765-804, LOMAS DE CHAPULTEPEC', '1100', 'https://fundacionmi.org/', ''),
(12, 'GLOBALGIVING FOUNDATION INC', 'ASISTENCIA SOCIAL', '', 'XEXX010101000', 'AGUASCALIENTES', 'NO APLICA', 'NO', '1 THOMAS NW, SUITE 800, WASINGTON DC, UNITED STATES', '20005', 'https://www.globalgiving.org/', ''),
(13, 'FUNDACIÓN MEDICINA FETAL MÉXICO AC', 'SALUD', '', 'MFM1703063N6', 'QUERÉTARO', 'QUERÉTARO', 'NO', 'BLVD BERNARDO QUINTANA NO.4060, COL. SAN PABLO ', '76125', 'https://fundacionmfm.com/', ''),
(14, 'FUNDACIÓN CMR AC', 'ASISTENCIA SOCIAL', '', 'FCM050829814', 'CIUDAD DE MÉXICO', 'CUAUHTÉMOC', 'NO', 'HAVRE 30, JUÁREZ', '6600', 'https://fundacioncmr.org/', ''),
(15, 'QUÁLITAS COMPAÑÍA  DE SEGUROS SA DE CV', 'OTRA', 'SECTOR PRIVADO', 'QCS931209G49', 'CIUDAD DE MÉXICO', 'CUAJIMALPA', 'NO', 'JOSÉ MARÍA CASTORENA 426, ROSA TORRES', '5200', 'https://www.qualitas.com.mx/', ''),
(16, 'ASOCIACION DE ENLACE CULTURAL DE MEXICO AC', 'ASISTENCIA SOCIAL', 'ATENCIÓN A PERSONAS MAYORES', 'AEC100618RB4', 'CIUDAD DE MÉXICO', 'CUAUHTÉMOC', 'NO', 'GUADALAJARA #9 COL. ROMA NORTE ALCALDIA CUAUHTÉMOC', '6700', 'https://www.adultomayorelvalordelaexperiencia', ''),
(17, 'FUNDACIÓN LORENA ALEJANDRA GALLARDO IAP', 'ASISTENCIA SOCIAL', '', 'FLA840328UI2', 'CIUDAD DE MÉXICO', 'MIGUEL HIDALGO', 'NO', 'MONTE CÁUCASO NO. 915-302 COLONIA LOMAS DE CHAPULTEPEC ALCALDÍA MIGUEL HIDALGO', '11000', 'https://fundacionflag.org/', ''),
(18, 'FUNDACION MAS VIDA', 'ASISTENCIA SOCIAL', ' ', 'LAGM830312KYA', 'CIUDAD DE MÉXICO', 'MIGUEL HIDALGO', 'NO', 'MIGUEL CERVANTES SAAVEDRA NO. 23 COLONIA GRANADA MIGUEL HIDALGO', '11520', 'No aplica', ''),
(19, 'PQC STEM AC', 'ASISTENCIA SOCIAL', 'LA ORGANIZACIÓN SE ENCUENTRA EN SUSPENSIÓN DE ACTI', 'PST1911147Q4', 'CIUDAD DE MÉXICO', 'ÁLVARO OBREGÓN', 'NO', 'CERRADA DE AMARGURA NO. 22, SAN ÁNGEL,  ÁLVARO OBREGÓN, CIUDAD DE MÉXICO', '1000', 'N/A', ''),
(20, 'GRUPO ALTÍA IAP', 'ASISTENCIA SOCIAL', '', 'GAI911030FM3', 'CIUDAD DE MÉXICO', 'IZTACALCO', 'NO', 'FRANCISCO I.MADERO 102-A, ENTRE PASCUAL OROZCO Y CHIMALPOPOCA, SAN MIGUEL IZTACALCO, IZTACALCO, C.P ', '8650', 'https://grupoaltia.org/', ''),
(21, 'FUNDACIÓN GRISI AC', 'ASISTENCIA SOCIAL', '', 'FGR160816U25', 'CIUDAD DE MÉXICO', 'BENITO JUÁREZ', 'NO', 'AMORES 1746, DEL VALLE, BENITO JUÁREZ', '3100', 'https://www.fundaciongrisi.com/', ''),
(22, 'MARIPOSAS MUJERES CAMBIANDO EL MUNDO AC', 'ASISTENCIA SOCIAL', '', 'MMC1907299R5', 'PUEBLA', 'PUEBLA DE ZARAGOZA', 'NO', '5 ORIENTE 612 COL. CENTRO, PUEBLA DE ZARAGOZA', '72000', 'https://es.mariposasmexico.org/about', ''),
(23, 'GRUPO MÉXICO (OPERADORA DE MINAS DE NACOZARI SA', 'OTRA', 'MINERÍA', 'OMN140523KH1', 'CIUDAD DE MÉXICO', 'MIGUEL HIDALGO', 'NO', 'CAMPOS ELÍSEOS 400, OFNA. 1, 102, LOMAS DE CHAPULTEPEC, MIGUEL HIDALGO', '11000', 'https://www.gmexico.com/Pages/default.aspx', ''),
(24, 'CASA HOGAR ESTRELLITAS DE VIDA AC', 'OTRA', 'ATENCIÓN A PERSONAS MAYORES', 'CHE151215VB3', 'MORELOS', 'NACOZARI DE GARCÍA', 'NO', 'LA CARIDAD S/N, NACOZARI DE GARCÍA', '84340', 'N/A', ''),
(25, 'AVALOKITA AC', 'OTRA', 'PROMOCIÓN DEL ARTE Y LA CULTURA', 'LOAM850618VE9', 'MORELOS', 'CUERNAVACA', 'NO', 'GALEANA NO. 6-310 CUERNAVACA CENTRO, CUERNAVACA', '62000', 'https://avalokita.mx/', ''),
(26, 'ALTERNARE AC', 'MEDIO AMBIENTE', '', 'ALT980225KD3', 'CIUDAD DE MÉXICO', 'BENITO JUÁREZ', 'NO', 'CARAVAGGIO 21 COLONIA NONOALCO MIXCOAC BENITO JUÁREZ', '3700', 'https://www.alternare.org/', ''),
(27, 'IXIM AC', 'MEDIO AMBIENTE', '', 'IXI0012059N1', 'CIUDAD DE MÉXICO', 'ÁLVARO OBREGÓN', 'NO', 'MIGUEL ANGEL DE QUEVEDO 24, INT, 205, EX HACIENDA DE GUADALUPE CHIMALISTAC,ALC. ÁLVARO OBREGÓN, CIUD', '1050', 'https://www.iximac.org/', ''),
(28, 'SIN FRONTERAS IAP', 'ASISTENCIA SOCIAL', '', 'SFI9601302Y8', 'CIUDAD DE MÉXICO', 'ÁLVARO OBREGÓN', 'NO', 'CARLOS DOLCI 96ALFONSO XIII', '1460', 'https://sinfronteras.org.mx/', ''),
(29, 'JÓVENES CONSTRUCTORES DE LA COMUNIDAD AC', 'DESARROLLO SOCIAL', '', 'JCC060621UR2', 'CIUDAD DE MÉXICO', 'ÁLVARO OBREGÓN', 'NO', 'MINA PROVIDENCIA 17, COL. LOMAS DE SANTO DOMINGO', '1100', 'https://www.jovenesconstructores.org', ''),
(30, 'PUERTA ABIERTA IAP', 'ASISTENCIA SOCIAL', '', 'PAB0409304Q8', 'QUERÉTARO', 'SANTIAGO DE QUERÉTARO ', 'NO', 'AV. SENDA ETERNA 224, MILENIO 3RA SECC', '76060', 'https://puerta-abierta.org/', ''),
(31, 'PROEMPLEO DF', 'ASISTENCIA SOCIAL', '', 'FPE950103928', 'CIUDAD DE MÉXICO', 'MIGUEL HIDALGO', 'NO', 'CALLE HERSCHEL 131, ANZURES, ', '11590', 'http://proempleo.org.mx/inicio/', ''),
(32, 'DIGNIDAD Y JUSTICIA EN EL CAMINO AC', 'DERECHOS HUMANOS', '', 'DJC0907159CA', 'JALISCO', 'GUADALAJARA', 'NO', 'CALDERÓN DE LA BARCA 468A, BARRERA', '44150', 'https://fm4pasolibre.org/', ''),
(33, 'FUNDACION ADO AC', 'OTRA', 'DESARROLLO SOCIAL DE MUJERES ', 'FAD0603281D7', 'CIUDAD DE MÉXICO', 'VENUSTIANO CARRANZA', 'NO', 'CALZADA IGNACIO ZARAGOZA NO. 200 INT: EDIF. B PISO 2, COL. SIETE DE JULIO', '15390', 'https://www.fundacionado.org/', ''),
(34, 'PROMOTORA SOCIAL MEXICO AC ', 'DESARROLLO SOCIAL', '', 'PSM980909CT4', 'CIUDAD DE MÉXICO', 'MIGUEL HIDALGO', 'NO', ' AV. DE LOS ALPES NO. 220, COL. LOMAS DE CHAPULTEPEC V SECCION', '11000', 'https://www.fundacionado.org/', ''),
(35, 'CONSTRUYENDO ESPERANZAS AC', 'DESARROLLO COMUNITARIO', '', 'CES100720PY9', 'MORELOS', 'MINERAL DE LA REFORMA', 'NO', 'DURAZNOS #119, FRACCIONAMIENTO LAS PERAS', '42184', 'https://www.construyendo.org.mx/', ''),
(36, 'NUTRE A UN NIÑO AC', 'DESARROLLO SOCIAL', '', 'FME930525J6A.', 'CIUDAD DE MÉXICO', 'CUAJIMALPA', 'NO', 'AHUEHUETES 100-204 COL. SAN JOSÉ DE LOS CEDROS', '5200', 'https://www.nutreaunnino.org.mx/', ''),
(37, 'IMAGINALGCO. LABORATORIO DE IMAGINACIÓN Y ACCIÓN SOCIAL AC', 'DESARROLLO COMUNITARIO', '', 'LIA170615E86 ', 'ESTADO DE MÉXICO', 'MALINALCO', 'NO', 'ROSAS BLANCAS S/N, SAN GUILLERMO, MALINALCO, C.P. 52440. ESTADO DE MEXICO', '52440', 'https://www.imaginalco.org/', ''),
(38, 'ECOPIL ARTE CREA CONCIENCIA AC', 'MEDIO AMBIENTE', '', 'EAC1208295N8', 'ESTADO DE MÉXICO', 'APAXCO', 'NO', 'ADOLFO LÓPEZ MATEOS, ARBOLEDAS', '55667', 'https://www.ecopil.org/', ''),
(39, 'FUNDACION COMUNITARIA MALINALCO AC', 'DESARROLLO COMUNITARIO', '', 'FCM0706283A1', 'ESTADO DE MÉXICO', 'MALINALCO', 'NO', 'INSURGENTES ESQ. CON MORELOS S/N, BARRIO SANTA MARÍA', '52440', 'https://fundacioncomunitariamalinalco.org/', ''),
(40, 'APAC IAP ASOCIACION PRO PERSONAS CON PARALISIS CER', 'OTRA', 'DISCAPACIDAD ', 'AIA900517IM3', 'CIUDAD DE MÉXICO', 'CUAUHTÉMOC', 'NO', 'DR. FERNANDO ZÁRRAGA 27, COL. DOCTORES', '6720', 'https://apac.mx/', ''),
(41, 'SARAR CAPACITACION AC', 'AGUA, SANEAMIENTO E HIGIENE', '', 'SCA840625MG2', 'MORELOS', 'TEPOZTLÁN', 'NO', 'CARRETERA FEDERAL TEPOZTLÁN- YAUTEPEC KM 3.5 SANTIAGO TEPETLAPA', '62520', 'https://www.sarar-t.org/index.php/contacto', ''),
(42, 'UN GRANITO DE ARENA, A. C', 'ASISTENCIA SOCIAL', '', 'UGA970421TM3', 'CIUDAD DE MÉXICO', 'TLALPAN', 'NO', 'INSURGENTES SUR, 3956', '14000', 's/d', ''),
(43, 'PROYECTO CRISAL AC', 'ASISTENCIA SOCIAL', '', 'FME930525J6A', 'YUCATÁN', 'MÉRIDA', 'NO', 'CALLE 29, NO. 192 X 12 Y 14, COL. GARCÍA GINERES', '97070', 'NO TIENE', ''),
(44, 'FUNDACIÓN CON LOS NIÑOS Y FAMILIAS DEL CAMPO I.A.P', 'EDUCACIÓN', '', 'FNF970407G40', 'JALISCO', 'ESTIPAC', 'NO', 'CRES ESTIPAC, LA PAZ 8, COL.  JUAN GIL PRECIADO, JALISCO.  ', '45740', 'https://cresestipac.edu.mx/', ''),
(45, 'COLECTIVO Y JUB TOMATE, A.C.', 'OTRA', 'DESARROLLO URBANO', 'CJT1607186G0', 'PUEBLA', 'PUEBLA', 'NO', 'ORIENTE 5, 612 INTERIOR 15, CENTRO', '72000', 'https://colectivotomate.org', ''),
(46, 'LAZOS I.A.P.', 'EDUCACIÓN', '', 'APL970131TQ5', 'CIUDAD DE MÉXICO', 'MIGUEL HIDALGO', 'NO', 'COPÉRNICO 51, COLONIA ANZURES', '11590', 'https://www.lazos.org.mx/', ''),
(47, 'FUNDACIÓN CASA ALIANZA MEXICO IAP', 'DERECHOS HUMANOS', '', 'FCA880907JA0', 'CIUDAD DE MÉXICO', 'CUAUHTEMOC', 'NO', 'MOCTEZUMA 68 COLONIA GUERRERO', '6300', 'https://casa-alianzamexico.org/', ''),
(48, 'NUHUSEHE EDUCACION Y DESARROLLO AC', 'DESARROLLO COMUNITARIO', '', 'NED030821EN6', 'HIDALGO', 'CARDONAL', 'NO', 'IGNACIO ZARAGOZA 2 CENTROSANTUARIO', '42370', 'https://www.nuhusehe.org/', ''),
(49, 'FUNDACION PROMOVER AC', 'DESARROLLO SOCIAL', '', 'FPR17082219DF', 'NUEVO LEÓN', 'SAN PEDRO GARZA GARCÍA', 'NO', 'RICARDO ZARGAIN ZOZAYA 333, SAN PEDRO GARZA GARCÍA, NUEVO LEÓN', '66267', 'www.promover.org.mx', ''),
(50, 'FONDO OAXAQUEÑO PARA LA CONSERVACION DE LA NATURALEZA AC', 'MEDIO AMBIENTE', '', 'CNO171215KP4', 'OAXACA', 'SAN PEDRO MIXTEPEC', 'NO', 'PORVENIR 119, FRACC. COSTA CHICA,  SAN PEDRO MIXTEPEC,', '71984', 'WWW.FONDOOAX.ORG', ''),
(51, 'PURE EARTH (INSTITUTO BLACKSMITH MÉXICO) A.C.', 'DESARROLLO COMUNITARIO', '', 'IBM150114MP0', 'CIUDAD DE MÉXICO', 'COYOACAN', 'NO', 'JURISPRUDENCIA 13, COPILCO UNIVERSIDAD, COYOACAN, C.P. 04360  OPERATIVO: CÓRDOBA 234, ROMA NORTE, CU', '4360', 'WWW.BARROAPROBADO.ORG', ''),
(52, 'FUNDACION CULTURAL HIEDRA DE NABITO, A.C.', 'DESARROLLO SOCIAL', '', 'FCH180530AY7', 'CIUDAD DE MÉXICO', 'XOCHIMILCO', 'NO', 'GLADIOLAS 4, SAN FELIPE', '16770', 'N/A', ''),
(53, 'PRO AYUDA A LA MUJER ORIGEN A.C.', 'DESARROLLO SOCIAL', '', 'PAM990907AP1', 'CIUDAD DE MÉXICO', 'MIGUEL HIDALGO', 'NO', 'JUAN O´DONOJÚ 221, LOMAS DE VIRREYES', '11000', 'WWW.ORIGENAC.ORG', ''),
(54, 'SEDAC, SERVICIO, EDUCACIÓN Y DESARROLLO A LA COMUN', 'DESARROLLO SOCIAL', '', 'SED920306LS2 ', 'CIUDAD DE MÉXICO', 'LA MAGDALENA CONTRERAS', 'NO', 'OCOTEPEC 26, SAN JERÓNIMO ACULCO', '10400', 'WWW.SEDAC.ORG.MX', ''),
(55, 'UNIDOS DISTRIBUIMOS Y TRANSFORMAMOS I.A.P.', 'ASISTENCIA SOCIAL', '', 'UDT160405QK0', 'CIUDAD DE MÉXICO', 'COYOACAN', 'NO', 'CDA. MONTSERRAT18 INT, 17, LOS REYES COYOACAN', '4330', 'WWW.123IAP.ORG.MX', ''),
(56, 'FUNDACION INCLUYEME', 'DESARROLLO SOCIAL', '', 'FIN081001EZ9', 'ESTADO DE MÉXICO', 'NAUCALPAN DE JUÁREZ', 'NO', 'FUENTE DE VIRGILIO 22, C-04, LOMAS DE TECAMACHALCO, SECCIÓN FUENTES', '53950', 'WWW.INCLYEME.ORG', ''),
(57, 'GRUPO ALTÍA I.A.P', 'ASISTENCIA SOCIAL', '', 'GAI911030FM3,', 'CIUDAD DE MÉXICO', 'IZTACALCO', 'NO', 'FRANCISCO I. MADERO 102 -A, SAN MIGUEL IZTACALCO', '8650', 'WWW.GRUPOALTIAIAP.ORG', ''),
(58, 'CRUZ ROJA MEXICANA, DELEGACIÓN ESTATAL CHIAPAS', 'ASISTENCIA SOCIAL', '', 'CRM6702109K6.', 'CHIAPAS', 'TUXTLA GUTIÉRREZ', 'NO', 'LIBRAMIENTO NORTE ORIENTE 451, COLONIA ALABANIA BAJA', '29010', 'N/A', ''),
(59, 'FAI, FUNDACION DE APOYO INFANTIL QUINTANA ROO, I.A.P.', 'DESARROLLO SOCIAL', '', 'FAI050209M81', 'QUINTANA ROO', 'BENITO JUÁREZ', 'NO', 'DZIUCHE 16, FRACCIONAMIENTO PALMICA', '77533', 'WWW.SAVETHECHILDREN.MX', ''),
(60, 'CENYELIZTLI AC', 'OTRA', 'ATENCIÓN TERAPÉUTICA A NIÑAS, NIÑOS Y SUS FAMILIAS', 'CEN060424NS9', 'CIUDAD DE MÉXICO', 'BENITO JUÁREZ', 'NO', 'CALLE DE EMPRESA 136, EXTREMADURA INSURGENTES, CIUDAD DE MÉXICO, CDMX', '3740', 'https://www.cenyeliztli.org/', ''),
(61, 'SOSAC, CONSTRUYENDO UNA SOCIEDAD SOSTENIBLE A.C.', 'MEDIO AMBIENTE', '', 'CUS150522NR7', 'NUEVO LEÓN', 'MONTERREY', 'NO', 'NIZA 3113 , NARVARTE', '64830', 'WWW.SOSAC.ORG', ''),
(62, 'PROYECTO ROBERTO ALONSO ESPINOZA, FUNDACION AMPARO I.A.P.', 'ASISTENCIA SOCIAL', '', 'FAM880510MV6', 'PUEBLA', 'ZACATLAN DE LAS MANZANAS', 'NO', 'SAN JOSÉ COACUILA, S/N, CENTRO DE LA POBLACION', '73645', 'HTTPS://WWW.PROYECTOROBERTO.ORG.MX/', ''),
(63, 'CO CREANDO LA INNOVACION Y SUSTENTABILIDAD SOCIAL AC', 'OTRA', 'EMPRENDIMIENTO ', 'CIS160414170', 'CIUDAD DE MÉXICO', 'ALCALDÍA ÁLVARO OBREGÓN', 'NO', 'FRESNOS 34-101, COL. SAN CLEMENTE SUR, ', '1740', 'hola@yococreo.org', ''),
(64, 'SIKANDA, SOLIDARIDAD INTERNACIONAL KANDA, A.C.', 'DESARROLLO SOCIAL', '', 'SIK090903JZ2 ', 'OAXACA', 'OAXACA DE JUÁREZ', 'NO', 'PRIVADA BARRIO NUEVO 117, LOMAS DE LA CASCADA', '68040', 'WWW.SIKANDA.ORG/ES/', ''),
(65, 'GECI. GRUPO DE ECOLOGÍA Y CONSERVACION DE ISLAS, A.C.', 'MEDIO AMBIENTE', '', 'GEC981007RWA', 'BAJA CALIFORNIA', 'ENSENADA', 'NO', 'AVENIDA MOSCTEZUMA 836, ZONA CENTRO', '22800', 'WWW.ISLAS.ORG.MX', ''),
(66, 'FUNDACIÓN ACTIVA A.C', 'ASISTENCIA SOCIAL', 'EMPRENDIMIENTO', 'FAC970815KR4 ', 'CIUDAD DE MÉXICO', 'CUAJIMALPA DE MORELOS ', 'NO', 'AV. LOMA DE LA PALMA NO. 200, LOMAS DE VISTA HERMOSA,', '5100', 'https://activa.org.mx/', ''),
(67, 'FUNDACIÓN MITZ, A.C.', 'ASISTENCIA SOCIAL', '', 'FMI100526NPA ', 'CIUDAD DE MÉXICO', 'MIGUEL HIDALGO', 'NO', 'MADEREROS #1 COL LOMAS ALTAS', '11950', 'https://www.mitz.org.mx', ''),
(68, 'FAMBC. FUNDACION DE ARTES MUSICALES DE BAJA CALIFORNIA, A', 'DESARROLLO COMUNITARIO', '', 'FAM090618A63', 'BAJA CALIFORNIA', 'TIJUANA', 'NO', 'PERIMETRAL MZA 26 LOTE 3B1, TERCERA ETAPA DEL RIO', '22540', 'WWW.CAM-BC.ORG', ''),
(69, 'LABICI, LABORATORIO D EINVENCION PARA LA CIUDAD, A', 'SEGURIDAD VIAL', '', 'LIC1709182N6', 'BAJA CALIFORNIA', 'MEXICALI', 'NO', 'AV. ALVARO OBREGÓN 623 INT. 3, PRIMERA SECCIÓN', '21100', 'WWW.LABICI.ORG', ''),
(70, 'MOJA, MOVIMIENTO DE JÓVENES POR EL AGUA, A.C.', 'MEDIO AMBIENTE', '', 'MJA121025D6A', 'CIUDAD DE MÉXICO', 'XOCHIMILCO', 'NO', 'VICENTE GUERRERO 5, SAN GREGORIO ATLAPULCO', '16600', 'WWW.MOJA.ONG', ''),
(71, 'ENLACE CIUDADANO DE MUJERES INDIGENAS IN YOLOTL SA', 'DESARROLLO COMUNITARIO', '', 'ECM100626SH9', 'HIDALGO', 'ACAXOCHITLÁN', 'NO', 'DOMICIIO CONOCIDO BARRIO TLATEMPA, SANTA ANA TZACUALA', '43720', 'WWW.ENCIMUIN.COM', ''),
(72, 'MANOS QUE CONSTRUYEN OAXACA, A.C.', 'DESARROLLO COMUNITARIO', '', 'MQR1803206HA', 'OAXACA', 'ASUNCIÓN IXTALTEPEC', 'NO', '20 DE NOVIEMBRE456, BIS HJX', '70140', 'WWW.UNAMANOPARAOAX.ORG', ''),
(73, 'FUNDACION DE APOYO A LA JUVENTUD IAP', 'ASISTENCIA SOCIAL', '', 'FAJ980826728', 'CIUDAD DE MÉXICO', 'CUAUHTÉMOC', 'NO', 'AVENIDA MAZATLAN 33, COLONIA CONDESA,', '6721', 'https://apoyoalajuventud.org', ''),
(74, 'FONDATION FORGE AC', 'EDUCACIÓN', '', 'FFO140404QH4', 'CIUDAD DE MÉXICO', 'BENITO JUÁREZ', 'NO', 'SACRAMENTO 210, INSURGENTES SAN BORJA', '3100', 'https://fondationforge.org', ''),
(75, 'FUNDACIÓN SAPIENCIA, A.C.', 'ASISTENCIA SOCIAL', '', 'AAB030405V13 ', 'MORELOS', ' MAZATEPEC', 'NO', 'PRIV. EL BUEN SEÑOR NO. 6 COL. EL FLORIDO', '0', 'https://fundacionsapiencia.com/', ''),
(76, 'FUNDACIÓN MARÍA ANA MIER DE ESCANDÓN I.A.P.', 'SALUD', '', ' FMA181021Q26', 'CIUDAD DE MÉXICO', 'MIGUEL HIDALGO', 'NO', 'GAVIOTA 33 COLONIA TACUBAYA', '11870', 'https://hospitalescandon.org/', ''),
(77, 'FONDO PARA LA PAZ IAP', 'DESARROLLO COMUNITARIO', '', 'FPI940225PB4', 'CIUDAD DE MÉXICO', 'MIGUEL HIDALGO', 'NO', 'PABLO SANTO 16, LOMAS ALTAS.', '11950', 'www.fondoparalapaz.org', ''),
(78, 'PUENTE A LA SALUD COMUNITARIA AC', 'DESARROLLO COMUNITARIO', '', 'PSC0409157I8', 'OAXACA', 'OAXACA DE JUÁREZ', 'NO', 'MAGNOLIAS 109, REFORMA, OAXACA DE JUÁREZ', '68050', 'https://puentemexico.org', ''),
(79, 'NIÑOS TOTONACOS AC', 'DESARROLLO COMUNITARIO', '', 'NTO941011IA0', 'PUEBLA', 'HUEHUETLA', 'NO', 'SALIDA A VICENTE GUERRERO SN, CENTRO', '73470', 'http://ninostotonacos.com.mx/', ''),
(80, 'GRUPO ECOLÓGICO SIERRA GORDA IAP', 'MEDIO AMBIENTE', '', 'GES890512T11', 'QUERÉTARO', 'JALPAN DE SERRA', 'NO', 'AV LA PRESA SN, BARRIO EL PANTEÓN', '76340', 'www.sierragorda.net', ''),
(81, 'SANTO DESIERTO DEL CARMEN AC', 'DESARROLLO COMUNITARIO', '', 'SDC060804QZ7', 'CIUDAD DE MÉXICO', 'BENITO JUÁREZ', 'NO', 'CERES 36, CRÉDITO CONSTRUCTOR', '3940', 'www.santodesiertodelcarmen.org', ''),
(82, 'AYUDA Y SOLIDARIDAD CON LAS NIÑAS DE LA CALLE IAP', 'ASISTENCIA SOCIAL', '', 'ASN930729MI7', 'CIUDAD DE MÉXICO', 'CUAUHTÉMOC', 'NO', 'POPLE 60, SANTA MARÍA INSURGENTES', '6430', 'https://ayuda.org.mx/', ''),
(83, 'VERTICE QUERÉTARO AC', 'EDUCACIÓN', '', 'VQU160413KW9', 'QUERÉTARO', 'SANTIAGO DE QUERÉTARO', 'NO', 'RIO AYUTLA 43, BARRIO LA PIEDAD', '76150', 'https://fundacionverticeqro.org/', ''),
(84, 'SOCIEDAD MEXICANA PRO DERECHOS DE LA MUJER AC', 'OTRA', 'DESARROLLO SOCIAL DE MUJERES', 'MPD901211UR0', 'CIUDAD DE MÉXICO', 'BENITO JUÁREZ', 'NO', 'FRAGONARD 84, SAN JUAN', '3730', 'https://semillas.org.mx/', ''),
(85, 'COMEDOR SANTA MARÍA AC', 'ASISTENCIA SOCIAL', '', 'CSM971003MX9', 'CIUDAD DE MÉXICO', 'ÁLVARO OBREGÓN', 'NO', 'CILANTRO S/N, TLAPECHICO', '1239', 'https://comedorsantamaria.org.mx/', 'e.estrada@fundacionmerced.org.mx'),
(86, 'NUTRE A UN NIÑO AC', 'DESARROLLO SOCIAL', '', 'NUN020221EH6', 'CIUDAD DE MÉXICO', 'CUAJIMALPA', 'NO', 'AHUEHUETES 100 INTERIOR 203', '5240', 'https://www.nutreaunnino.org.mx/', 'e.estrada@fundacionmerced.org.mx'),
(87, 'MUNDO UNITATIS', 'ASISTENCIA SOCIAL', '', 'MUN021018KH4', 'CHIAPAS', 'SAN CRISTÓBAL DE LAS CASAS', 'NO', 'DR. PACHECO LUNA 15, BARRIO DE SAN DIEGO', '29270', 'N/A', 'e.estrada@fundacionmerced.org.mx'),
(88, 'PATRONATO CLUB DE NIÑOS Y NIÑAS DE SAN LUIS A.C.', 'DESARROLLO SOCIAL', '', 'PCN100513US2', 'SAN LUIS POTOSÍ', 'SOLEDAD DE GRACIANO SÁNCHEZ ', 'NO', 'JULIO R. CÓRDOVA NO. 99, LA VIRGEN', '78430', 'https://www.clubdeninosyninaslp.org/', 'e.estrada@fundacionmerced.org.mx'),
(89, 'COMUNIDAD DE SINAÍ, IAP', 'OTRA', 'PREVENCIÓN Y ATENCIÓN A PERSONAS CON ADICCIONES', 'CSI010131FK1', 'SINALOA', 'CULIACÁN', 'NO', ' CARRETERA EL DORADO- LAS ARENITAS KM 2.5 EL DORADO', '80450', 'https://comunidadsinai.org.mx/', 'e.estrada@fundacionmerced.org.mx'),
(90, 'FUNDACIÓN ANTONIO HAGHENBECK Y DE LA LAMA, I.A.P.', 'OTRA', 'PROMOCIÓN DEL ARTE Y LA CULTURA', 'FAH840221L34', 'CIUDAD DE MÉXICO', 'CUAUHTÉMOC', 'NO', ' GANTE 8-PISO 4, CENTRO HISTÓRICO', '6000', 'http://www.museoshaghenbeck.mx/', 'e.estrada@fundacionmerced.org.mx'),
(91, 'FUNDACIÓN NACIONAL CENTRO INTERACTIVO ÁMBAR AC', 'OTRA', 'PREVENCIÓN Y ATENCIÓN A PERSONAS CON ADICCIONES', 'FNC111007453', 'BAJA CALIFORNIA', 'TIJUANA', 'NO', 'VÍA RÁPIDA OTE. 3, RÍO TIJUANA 3RA ETAPA', '22226', 'https://ambarcentrointeractivo.org/', 'e.estrada@fundacionmerced.org.mx'),
(92, 'INSTITUTO MIA (MUSEO INTERACTIVO SOBRE LAS ADICCIONES)', 'OTRA', 'PREVENCIÓN Y ATENCIÓN A PERSONAS CON ADICCIONES', 'IMI100427H61', 'SINALOA', 'CULIACÁN', 'NO', 'AVE. RUPERTO L. PALIZA, 484 NTE., ÁNGEL FLORES,, COLONIA CENTRO', '80000', 'http://mia.culiacan.gob.mx/', 'e.estrada@fundacionmerced.org.mx'),
(93, 'PROMOCIÓN Y ACCIÓN COMUNITARIA, I.A.P.', 'ASISTENCIA SOCIAL', '', 'PAC911028GZ6', 'CIUDAD DE MÉXICO', 'VENUSTIANO CARRANZA', 'NO', 'GRAL. L. BLANCO 32, REVOLUCIÓN', '15900', 'https://www.pacoiap.org/', 'e.estrada@fundacionmerced.org.mx'),
(94, 'ESPERANZA DE LUZ IAP', 'OTRA', 'DISCAPACIDAD VISUAL', 'ELU130903RIA', 'SINALOA', 'LOS MOCHIS', 'NO', 'RODOLGO R LOAIZA 702, LOCAL FATIMA', '81220', 'http://www.esperanzadeliziap.com.mx/', 's.palestino@fundacionmerced.org.mx'),
(95, 'UNIÓN PROVIDA AC', 'SALUD', '', 'UPV121001LU8', 'TAMAULIPAS', 'TAMPICO', 'NO', 'PRIVADA NANCHITAL 97, PETROLERA ', '89110', 'www.unionprovida.org', 's.palestino@fundacionmerced.org.mx'),
(96, 'GRUPO ENCENDAMOS UNA LUZ AC', 'OTRA', 'DISCAPACIDAD VISUAL', 'GEL8710229A6', 'COAHUILA', 'TORREÓN', 'NO', 'DURAZNOS 248, LARDON DURAZNOS', '27200', 'http://www.grupoencendamosunaluz.com/', 's.palestino@fundacionmerced.org.mx'),
(97, 'CENTRO FLAYMAR AC', 'EDUCACIÓN', '', 'CFL840828JL5', 'CIUDAD DE MÉXICO', 'AZCAPOTZALCO', 'NO', 'CALZADA AZCAPOTZALCO LA VILLA, SANTO TOMAS   ', '2040', 'https://www.centroflaymar.net/', 's.palestino@fundacionmerced.org.mx'),
(98, 'HOGAR MARILLAC AC', 'OTRA', 'ADULTOS MAYORES', 'HMA7012178E5', 'ESTADO DE MÉXICO', 'NAUCALPAN', 'NO', 'NORTEAMERICA, 150, LAS AMERICAS', '53040', 'https://www.hogarmarillac.org.mx/', 's.palestino@fundacionmerced.org.mx'),
(99, 'FUNDACION DE OBRAS SOCIALES DE SAN VICENTE IAP', 'OTRA', 'ADULTOS MAYORES', 'FOS921022PR3', 'CIUDAD DE MÉXICO', 'COYOACAN', 'NO', 'PRIMERA, CDA. PEDREGAL 31', '4000', 'https://fossvi.org.mx/', 's.palestino@fundacionmerced.org.mx'),
(100, 'HOSPITALITO GUSTAVO GUERRERO AC', 'SALUD', '', 'HGG670728PW5', 'CIUDAD DE MÉXICO', 'VENUSTIANO CARRANZA ', 'NO', 'HERREROS 68, MORELOS', '15940', 'https://www.hospitalito.com.mx/', 's.palestino@fundacionmerced.org.mx'),
(101, 'YOUTHBUILD MEXICO AC', 'EDUCACIÓN', '', 'YIM1312204D0', 'CIUDAD DE MÉXICO', 'COYOACAN', 'NO', 'MIGUEL G KRAMER 22,  ATLANTIDA', '4370', 'https://youthbuildmexico.org/', 's.palestino@fundacionmerced.org.mx'),
(102, 'FUNDACION ANGELES DEL CORTEZ AC', 'OTRA', 'ADULTOS MAYORES', 'FAC151021II5', 'BAJA CALIFORNIA SUR', 'LA PAZ', 'NO', 'LANGOSTA 126, BALANDRA', '23075', 'NO TIENE', 's.palestino@fundacionmerced.org.mx'),
(103, '1,2,3 POR MI Y PARQUE SACRAMENTO AC', 'DESARROLLO COMUNITARIO', '', 'MPS120222G22', 'CHIHUAHUA', 'CHIHUAHUA', 'NO', 'RIO AMUR 23701, RIBERAS DEL SACRAMENTO I Y II', '31184', 'NO TIENE', 's.palestino@fundacionmerced.org.mx'),
(104, 'SUEÑOS Y ESPERANZAS AC', 'ASISTENCIA SOCIAL', '', 'SES051129CZ5', 'JALISCO', 'ZAPOPAN', 'SÍ', 'ROSARIO CASTELLANOS 6178, PASEOS UNIVERSIDAD ', '45016', 'https://www.suenosyesperanzas.org/', 's.palestino@fundacionmerced.org.mx'),
(105, 'ASOCIACION MEXICANA DE DIABETES EN NUEVO LEON AC', 'SALUD', '', 'AMD890804C71', 'NUEVO LEÓN', 'MONTEREEY', 'NO', 'MODESTO ARREOLA PONIENTE, 1040, MONTERREY CENTRO', '64000', 'https://fmdiabetes.org/fmd/nuevo-leon/', 's.palestino@fundacionmerced.org.mx'),
(106, 'ASOCIACION ORIZABA PROPONE AC', 'SALUD', '', 'AOP0005095JA', 'VERACRUZ', 'ORIZABA', 'NO', 'NORTE 40, AGRICOLA MOCTEZUMA', '94345', 'NO TIENE', 's.palestino@fundacionmerced.org.mx'),
(107, 'PRO-ONCAVI AC', 'SALUD', '', 'PRO120207224', 'BAJA CALIFORNIA', 'TIJUANA', 'NO', 'PASEO VILLAMAR 10, VILLAMAR', '22516', 'https://prooncaviac.org/', 's.palestino@fundacionmerced.org.mx'),
(108, 'CASA DE LAS MERCEDES IAP', 'ASISTENCIA SOCIAL', '', 'CME010813BJ4', 'CIUDAD DE MÉXICO', 'CUAUTÉMOC', 'NO', 'MIGUEL SCHULTZ NO. 18,  SAN RAFAEL', '6470', 'NO TIENE', 's.palestino@fundacionmerced.org.mx'),
(109, 'ASHOKA MÉXICO, CENTROAMÉRICA Y EL CARIBE', 'OTRA', 'AGENTES DE CAMBIO', 'AES980515K98', 'CIUDAD DE MÉXICO', 'CUAUHTÉMOC', 'NO', 'RÍO HUDSON 25', '6500', 'https://www.ashoka.org/el/country/mexico', 's.palestino@fundacionmerced.org.mx'),
(110, 'COMUNIDAD DE DESARROLLO INTEGRAL COPILCO AC', 'DESARROLLO COMUNITARIO', 'JUVENTUDES', 'CDI900625LF0', 'CIUDAD DE MÉXICO', 'COYOACAN', 'NO', 'DELFÍN MADRIGAL, PEDEGRAL SANTO DOMINGO', '4369', 'https://www.codic.com.mx/', 's.palestino@fundacionmerced.org.mx'),
(111, 'ASOCIACIÓN PARA LEER, ESCUCHAR, ESCRIBIR Y RECREAR, A.C. ', 'EDUCACIÓN', '', 'ALE831107FQ8 ', 'CIUDAD DE MÉXICO', 'BENITO JUÁREZ', 'NO', 'GOYA 54, ', '3920', 'https://www.ibbymexico.org.mx/', 's.palestino@fundacionmerced.org.mx'),
(112, 'COMUNIDAD AGROPECUARIA INDUSTRIAL EAS AC', 'DESARROLLO COMUNITARIO', '', 'CAI8912114CA', 'GUANAJUATO', 'APASEO EL GRANDE', 'NO', 'AUTOPISTA MÉXICO-QUERÉTARO KM 19.5', '38180', 'NO TIENE', 's.palestino@fundacionmerced.org.mx'),
(113, 'FUNDACIÓN TARAHUMARA JOSÉ A LLAGUNO ABP', 'DESARROLLO COMUNITARIO', '', 'FTJ9211183T0', 'NUEVO LEÓN', 'MONTERREY', 'NO', '2 DE ABRIL 1985', '64700', 'https://www.tarahumara.org/portal/', 's.palestino@fundacionmerced.org.mx'),
(114, 'FUNDACIÓN DE AGENTES ADUANALES PARA LA ASISTENCIA INFANTIL AC', 'DERECHOS HUMANOS', '', 'FA A 040609S2', 'CIUDAD DE MÉXICO', 'CUAUHTÉMOC', 'NO', 'LIV ERPOOL NO. 88, COL. JUA REZ , DEL CUA UHTEMOC, CIUDA D DE MEXICO', '6600', 'http://fundacioncaaarem.org.mx/', 'r.trejo@fundacionmerced.org.mx'),
(115, 'FUNDA CION KA LUZ, A .C.', 'SEGURIDAD VIAL', '', 'FKA 030120I46', 'CIUDAD DE MÉXICO', 'CUAUHTÉMOC', 'NO', ' AV ENIDA  PASEO DE LA  REFORMA  NO. 365, ', '650', 'https://www.fundacionkaluz.org/', 'r.trejo@fundacionmerced.org.mx'),
(116, 'CENTRO COMUNITARIO SANTA FE AC', 'DESARROLLO COMUNITARIO', '', 'CCS051019JJ2', 'CIUDAD DE MÉXICO', 'ALCALDÍA ÁLVARO OBREGÓN', 'NO', 'AV. DÍAZ ORDAZ S/N COL. JALALPA EL GRANDE ', '1377', 'https://www.ccsf.org.mx/', 'r.trejo@fundacionmerced.org.mx'),
(117, 'COMUNIDAD Y AMBIENTE ADONAI AC', 'DESARROLLO COMUNITARIO', '', 'CAA100220M2A', 'OAXACA', 'OAXACA DE JUÁREZ', 'NO', '1RO. DE MAYO, MÁRTIRES DE CANANEA #6-MANZANA \"A, 7A ETAPA, INFONAVIT, OAXACA DE JUÁREZ, OAX.', '68020', 'https://www.comunaadonai.org/', 'r.trejo@fundacionmerced.org.mx'),
(118, 'FUNDACION CIRUJANOS UNIDOS REALIZANDO ALTRUISMO AC', 'SALUD', '', 'FCU120309MJ1', 'ESTADO DE MÉXICO', 'HUIXQUILUCAN', 'NO', 'VIALIDAD DE LA BARRANCA CONSULTORIO 175, MANZANA 2, LOTE 1, COL. VALLE DE LAS PALMAS', '52787', 'https://www.fundacioncura.org/', 'r.trejo@fundacionmerced.org.mx'),
(119, 'HOGARES PROVIDENCIA IAP', 'ASISTENCIA SOCIAL', '', 'HPR791129PV8', 'CIUDAD DE MÉXICO', ' BENITO JUÁREZ ', 'NO', 'MAYORAZGO DE LA HIGUERA NO. 8, COL. XOCO', '3330', 'https://hogaresprovidencia.org.mx/', 'r.trejo@fundacionmerced.org.mx'),
(120, 'HOPE WORLDWIDE MEXICO I A P SIN TIPO DE SOCIEDAD', 'SALUD', '', 'HWM970812IK2', 'CIUDAD DE MÉXICO', 'IZTAPALAPA ', 'NO', 'ALBERTO MANUEL GONZÁLEZ 56, CONSTITUCIÓN DE 1917', '9260', 'https://www.hopemexico.org/', 'r.trejo@fundacionmerced.org.mx'),
(121, 'LLUVIA PARA TODOS AC', 'MEDIO AMBIENTE', '', 'LTO100729KP7', 'CIUDAD DE MÉXICO', 'CUAUHTÉMOC', 'NO', 'ZACATECAS NO. 142-A COLONIA ROMA', '6700', 'https://islaurbana.org/', 'r.trejo@fundacionmerced.org.mx'),
(122, 'OPERACION BENDICION MEXICO AC', 'DESARROLLO COMUNITARIO', '', 'OBM080725N89', 'CIUDAD DE MÉXICO', 'MIGUEL HIDALGO', 'NO', 'GOBERNADOR MELCHOR MUZQUIZ 15, SAN MIGUEL CHAPULTEPEC I SECC, MIGUEL HIDALGO', '11850', 'https://obmex.org/', 'r.trejo@fundacionmerced.org.mx'),
(123, 'ASOCIACION DE ASISTENCIA PRIVADA OSE ,ORGANIZACION DE SERVICIO A ENFERMOS,INSTITUCION DE ASISTENCIA PRIVADA SINTIPO DE SOCIEDAD', 'SALUD', '', 'AAP6208224A5', 'CIUDAD DE MÉXICO', 'SAN MIGUEL CHAPULTEPEC', 'NO', 'GOB. TIBURCIO MONTIEL 81, SAN MIGUEL CHAPULTEPEC, ', '11850', 'https://ose.federacionfemenina.org/', 'r.trejo@fundacionmerced.org.mx'),
(124, 'VISION Y ALMA COMUNITARIA AC', 'ASISTENCIA SOCIAL', '', 'VAC130510CX9', 'OAXACA', 'SAN PABLO ETLA', 'NO', 'CIRCUITO EX HACIENDA DEL ROSARIO CONDOMINIO 19 CASA 55 FRACCIONAMIENTO LA ESMERALDA, ', '68258', 'https://www.vyac.org/', 'r.trejo@fundacionmerced.org.mx'),
(125, 'REINTEGRA I.A.P', 'DESARROLLO COMUNITARIO', '', 'CPC860619PC1', 'CIUDAD DE MÉXICO', 'CUAUHTEMOC', 'NO', 'HÉROES 59, ENTRE PEDRO MORENO Y VIOLETA, GUERRERO,', '6300', 'https://reintegra.org.mx/', 'k.vilchis@fundacionmerced.org.mx'),
(126, 'FUNFAI. FUNDACION FAMILIAR INFANTIL A.C.', 'DESARROLLO COMUNITARIO', '', 'FFI890904SV4', 'CIUDAD DE MÉXICO', 'ALVARO OBREGON', 'NO', 'ALONSO CANO 71, ENTRE BENVENUTO CELLINI Y GIOTTO, ALFONSO XIII', '1460', 'www.funfai.org.mx', 'k.vilchis@fundacionmerced.org.mx'),
(127, 'FUNDACION CECILIA A.C.', 'DESARROLLO SOCIAL', '', 'FCE171110JF8', 'MORELOS', 'TEMIXCO', 'NO', 'PLAZA DE LA GRUTA AZUL 3, BURGOS', '62584', 'https://WWW.FUNDACIONCECILIA,ORG/', 'k.vilchis@fundacionmerced.org.mx'),
(128, 'INSPIRA. INSTITUTO PARA LA INTEGRIDAD RARÁMURI A.C.', 'DESARROLLO SOCIAL', '', 'FCE171110JF8.', 'CHIHUAHUA', 'GUADALUPE Y CALVO', 'NO', 'CONOCIDO, S/N, LOC. YERBITAS', '33496', 'https://inspiraac.org/', 'k.vilchis@fundacionmerced.org.mx'),
(129, 'VIENTOS CULTURALES A.C.', 'DESARROLLO COMUNITARIO', '', 'VCU970905V89', 'CHIAPAS', 'TUXTLA GUTIÉRREZ', 'NO', 'PRIVADA COAHUILA, PROL. S/N, PLAN DE AYALA', '29020', 'HTTPS://VIENTOSCULTURALES.ORG/', 'k.vilchis@fundacionmerced.org.mx'),
(130, 'PASO VERDE. PROYECTANDO UN AMBIENTE Y SOCIEDAD VERDE A.C.', 'MEDIO AMBIENTE', '', 'PUA1807184X8', 'CIUDAD DE MÉXICO', 'CUAUHTEMOC', 'NO', 'VICENTE BERISTAIN 63, VISTA ALEGRE', '6860', 'HTTPS://PASOVERDE.ORG', 'k.vilchis@fundacionmerced.org.mx'),
(131, 'MOVAC. MOVIEMIENTO DE ACTIVACION CIUDADANA A.C.', 'SEGURIDAD VIAL', '', 'MAC110701DCA', 'NUEVO LEÓN', 'MONTERREY', 'NO', 'GUADALAJARA 920 B, MITRAS SUR', '64020', 'HTTP://MOVAC.MX/', 'k.vilchis@fundacionmerced.org.mx'),
(132, 'FUNDACIÓN MEXICANA PARA LA SALUD A.C', 'SALUD', '', 'FMS8506228M3', 'CIUDAD DE MÉXICO', 'TLALPAN', 'NO', 'ANILLO PERIF. 4809, ARENAL TEPEPAN, TLALPAN,  CIUDAD DE MÉXICO, CDMX', '14610', 'https://funsalud.org.mx/', 'r.trejo@fundacionmerced.org.mx'),
(133, 'FUNDACION TARAHUMARA JOSE A. LLAGUNO', 'ASISTENCIA SOCIAL', '', 'FTJ9211183T0.', 'NUEVO LEÓN', 'MONTERREY', 'NO', 'CALLE 2 DE ABRIL NÚMERO 1985 COLONIA ROMA', '64700', 'https://www.tarahumara.org ', 'd.hernandez@fundacionmerced.org.mx'),
(134, 'FUNDACION SIERRA TARAHUMARA', 'ASISTENCIA SOCIAL', '', 'FST061107KQ2', 'CHIHUAHUA', 'GUACHOCHI', 'NO', 'CALLE CASCADA S/N', '33180', 'https://es-la.facebook.com/pages/category/Non', 'd.hernandez@fundacionmerced.org.mx'),
(135, 'CARITAS DE CHIHUAHUA IBP', 'ASISTENCIA SOCIAL', '', 'CCI830921RN1', 'CHIHUAHUA', 'CHIHUAHUA', 'NO', 'MORELOS 405', '31000', 'http://www.caritaschihuahua.org/', 'd.hernandez@fundacionmerced.org.mx'),
(136, 'BANCO DE ALIMENTOS DE HERMOSILLO IAP', 'ASISTENCIA SOCIAL', '', 'BAH9505108C3', 'SONORA', 'HERMOSILLO', 'NO', 'CALLE CABO SAN LUCAS NÚMERO 593 COLONIA FLORESTA VILLA ALMENDRAS', '83179', 'https://bahermosillo.org.mx', 'd.hernandez@fundacionmerced.org.mx'),
(137, 'ASOCIACION MEXICANA DE TRANSFORMACION RURAL Y URBANA A.C ', 'DESARROLLO COMUNITARIO', '', 'AMT8407047X3', 'CIUDAD DE MÉXICO', 'ÁLVARO OBREGÓN', 'NO', 'LA OTRA BANDA 54-CASA C, TIZAPÁN SAN ÁNGEL, SAN ÁNGEL, CIUDAD DE MÉXICO, CDMX', '100', 'https://www.amextra.org/', 'r.trejo@fundacionmerced.org.mx'),
(138, 'GRUPO PARA PROMOVER LA EDUCACION Y EL DESARROLLO SUSTENTABLE, A.C.', 'DESARROLLO COMUNITARIO', '', 'GPE9001095F9', 'ESTADO DE MÉXICO', 'NAUCALPAN DE JUAREZ', 'NO', ' AV DE LAS FUENTES #184-LOCAL 517, LOMAS DE TECAMACHALCO', '5395', 'https://grupedsac.org.mx/', 'r.trejo@fundacionmerced.org.mx'),
(139, ' Interculturalidad, Salud y Derechos, A.C.', 'DERECHOS HUMANOS', '', 'ISD111208HB0', 'CIUDAD DE MÉXICO', 'GUSTAVO A. MADERO', 'NO', ' AV 571 NO. 7, SAN JUAN DE ARAGON III SECC', '7970', 'https://insade.org.mx/', 'r.trejo@fundacionmerced.org.mx'),
(140, ' Instituto de Investigación y Fomento al Desarrollo, A.C', 'DESARROLLO COMUNITARIO', '', 'IIF071115R84', 'CIUDAD DE MÉXICO', 'CUAUHTEMOC', 'NO', 'MEDELLIN 43-902, ROMA NTE.', '670', 'http://iinfode.org', 'r.trejo@fundacionmerced.org.mx'),
(141, 'RED BINACIONAL DE MUJERES ARTESANAS NIU MATAT NAPAWIKA, A.C.', 'DESARROLLO COMUNITARIO', '', 'RBM100921DU1', 'PUEBLA', 'SANTIAGO MOMOXPAN,', 'NO', 'PRIV. ALEJANDRA #512,  ALVARO OBREGÓN, SAN ANDRES CHOLULA, PUE.', '72760', ' http://www.laredniumatat.org/', 'r.trejo@fundacionmerced.org.mx'),
(142, ' MIEL SOLIDARIA CAMPESINA, A.C.', 'DESARROLLO COMUNITARIO', '', 'MSC000710JQ0', 'CIUDAD DE MÉXICO', ' TLAHUAC', 'NO', 'SELENE 1RA SECC,', '13420', 'http://misoca.org.mx/index.html', 'r.trejo@fundacionmerced.org.mx'),
(143, 'CINCO PANES Y DOS PECES, A.C.', 'DESARROLLO COMUNITARIO', '', 'CPD010806AC2', 'CIUDAD DE MÉXICO', 'BENITO JUAREZ', 'NO', 'ADOLFO PRIETO NO.1307, DEL VALLE', '3100', ' https://cincopanesydospeces.com', 'r.trejo@fundacionmerced.org.mx'),
(144, 'FUNDACION VILLAR LLEDIAS, I.A.P. ', 'DERECHOS HUMANOS', '', 'FVL630719363', 'CIUDAD DE MÉXICO', 'ALVARO OBREGON', 'NO', 'ROLDAN 13, AXOTLA', '1030', 'http://ilumina.mx/', 'r.trejo@fundacionmerced.org.mx'),
(145, 'TRANSFORMAR EDUCANDO AC', 'EDUCACIÓN', '', 'TED001030DSA', 'QUINTANA ROO', 'SOLIDARIDAD', 'NO', 'NO TIENE', '0', 'NO TIENE', 'd.hernandez@fundacionmerced.org.mx'),
(146, 'FUNDACION ISSSTE AC', 'SALUD', '', 'FIS161206L75', 'CIUDAD DE MÉXICO', 'TLALPAN', 'NO', 'VIA SAN FERNANDO S/N', '14409', 'https://www.fundacionisssteac.org/', 'd.hernandez@fundacionmerced.org.mx'),
(147, 'EZOLLI AC ', 'SALUD', '', 'EZO170223ED1', 'TLAXCALA', 'APIZACO', 'NO', ' Calle 7 de Febrero, No. 222. Col. Agricola Covadonga, Ciudad de Apizaco. Estado de Tlaxcala', '90380', 'NO TIENE', 's.palestino@fundacionmerced.org.mx'),
(148, 'FUNDACION ALZHEIMER ALGUIEN CON QUIEN CONTAR IAP', 'SALUD', '', 'FAA950627UR6', 'QUERÉTARO', 'QUERÉTARO', 'NO', 'LUIS PASTEUR NORTE 35 COLONIA CENTRO HISTÓRICO', '76000', 'http://alzheimer.org.mx', 'd.hernandez@fundacionmerced.org.mx'),
(149, 'CENTRO DE INNOVACIÓN DE AGRICULTURA SOSTENIBLE A PEQUEÑA ESCALA AC', 'DESARROLLO COMUNITARIO', '', 'CIA100225SS3', 'QUERÉTARO', 'EL MARQUÉS', 'NO', 'CARRETERA A LOS CUES', '76246', 'https://ciaspemexico.com', 'd.hernandez@fundacionmerced.org.mx'),
(150, 'FUNDACIÓN ¿SABÍAS QUÉ..? ABP', 'DESARROLLO COMUNITARIO', '', 'SQU1005068UA', 'PUEBLA', 'PUEBLA', 'NO', '20 SUR # 3108 INT A COLONIA EL MIRADOR', '72530', 'www.fundacionsabiasque.org.mx', 'd.hernandez@fundacionmerced.org.mx'),
(151, 'FUNDACIÓN BARRA MEXICANA AC', 'OTRA', 'SERVICIOS LEGALES PROBONO', 'FBM001026PA8', 'CIUDAD DE MÉXICO', 'CUAUHTEMOC', 'NO', 'VARSOVIA 1, COLONIA CENTRO', '6500', 'https://fbma.org.mx/', 'd.hernandez@fundacionmerced.org.mx'),
(152, 'CRUZ ROJA MEXICANA DELEGACIÓN NUEVO LÉON IAP', 'ASISTENCIA SOCIAL', '', 'CRM6702109K6,', 'NUEVO LEÓN', 'MONTERREY', 'NO', 'AV ALFONSO REYES No. 2503 NTE COLONIA DEL PRADO', '64410', 'https://cruzrojamonterrey.org/', 'd.hernandez@fundacionmerced.org.mx');

-- --------------------------------------------------------

--
-- Estructura de tabla para la tabla `program`
--

CREATE TABLE `program` (
  `id_program` int(10) UNSIGNED NOT NULL,
  `program_code` varchar(45) NOT NULL,
  `program_name` varchar(100) NOT NULL,
  `strategy_line` varchar(45) NOT NULL,
  `strategy_line2` varchar(45) NOT NULL,
  `in_account` varchar(45) NOT NULL,
  `status` varchar(30) NOT NULL,
  `register` varchar(100) NOT NULL
) ENGINE=InnoDB DEFAULT CHARSET=utf8mb4;

--
-- Volcado de datos para la tabla `program`
--

INSERT INTO `program` (`id_program`, `program_code`, `program_name`, `strategy_line`, `strategy_line2`, `in_account`, `status`, `register`) VALUES
(1, '19FINSTI', 'FONDO INSTITUCIONAL 2019', 'INVERSIÓN SOCIAL', 'FORTALECIMIENTO', 'FMBNMX9071', 'FINALIZADO', ''),
(2, '20FINSTI', 'FONDO INSTITUCIONAL 2020', 'INVERSIÓN SOCIAL', 'FORTALECIMIENTO', 'FMBNMX9071', 'ACTIVO', ''),
(3, '21FINSTI', 'FONDO INSTITUCIONAL 2021', 'INVERSIÓN SOCIAL', 'FORTALECIMIENTO', 'FMBNMX9071', 'ACTIVO', ''),
(4, '17IDE001', 'IDEAS CONVOCATORIA 2017', 'INVERSIÓN SOCIAL', 'FORTALECIMIENTO', 'FMBNMX9071', 'FINALIZADO', ''),
(5, '18IDE001', 'IDEAS CONVOCATORIA 2018', 'INVERSIÓN SOCIAL', 'FORTALECIMIENTO', 'FMBNMX9071', 'FINALIZADO', ''),
(6, '19IDE001', 'IDEAS CONVOCATORIA 2019', 'INVERSIÓN SOCIAL', 'FORTALECIMIENTO', 'FMBNMX9071', 'ACTIVO', ''),
(7, '19CMR002', 'CONSULTORIA ESPECIAL', 'FORTALECIMIENTO', 'NO APLICA', 'FMBNMX9071', 'ACTIVO', ''),
(8, '19ASO004', 'CONSULTORIA ESPECIAL ASOME', 'FORTALECIMIENTO', 'NO APLICA', 'FMBNMX9071', 'ACTIVO', ''),
(9, '19FLG005', 'CONSULTORIA ESPECIAL FLAG', 'FORTALECIMIENTO', 'NO APLICA', 'FMBNMX9071', 'ACTIVO', ''),
(10, '19VID006', 'CONSULTORIA ESPECIAL MAS VIDA', 'FORTALECIMIENTO', 'NO APLICA', 'FMBNMX9071', 'ACTIVO', ''),
(11, '19PEQ018', 'CONSULTORÍA ESPECIAL PEQUEÑOS CIENTÍFICOS', 'FORTALECIMIENTO', 'NO APLICA', 'FMBNMX9071', 'FINALIZADO', ''),
(12, '19PEQ019', 'CONSULTORÍA ESPECIAL MEDICINA FETAL', 'FORTALECIMIENTO', 'NO APLICA', 'FMBNMX9071', 'FINALIZADO', ''),
(13, '20GGI034', 'FORD-COVID 19 (COVID)', 'FORTALECIMIENTO', 'NO APLICA', 'FMBBVA6048', 'FINALIZADO', ''),
(14, '21GRI010', 'ACOMPAÑAMIENTO FISCAL', 'FORTALECIMIENTO', 'NO APLICA', 'FMBANORTE8903', 'ACTIVO', ''),
(15, '21GRI015', 'CONSULTORÍA MODELO DE INVERSIÓN SOCIAL', 'FORTALECIMIENTO', 'NO APLICA', 'FMBANORTE8903', 'FINALIZADO', ''),
(16, '21MAR016', 'ASESORÍA EN LA ELABORACIÓN DE UN DIAGNÓSTICO', 'FORTALECIMIENTO', 'NO APLICA', 'FMBBVA6048', 'ACTIVO', ''),
(17, '21GMX017', 'FORMACIÓN Y FORTALECIMIENTO DE INSTITUCIONES', 'FORTALECIMIENTO', 'NO APLICA', 'FMBBVA6048', 'ACTIVO', ''),
(18, '21AVA024', 'CONSTITUCIÓN DE LA AC \"AVALOKITA\",FORTALECIMIENTO,\"NO APLICA', 'FMBBVA6048', 'ACTIVO', '', '', ''),
(19, '21GGI025', 'RESILIENCIA BIÓSFERA MARIPOSAS MONARCA CON AL', 'INVERSIÓN SOCIAL', 'NO APLICA', 'FMBNMX9071', 'ACTIVO', ''),
(20, '21GGI026', 'PRODUCCIÓN CON ECOTECNOLOGÍAS CON IXIM', 'INVERSIÓN SOCIAL', 'NO APLICA', 'FMBNMX9071', 'ACTIVO', ''),
(21, '18CRM010', 'FORTALECIMIENTO INSTITUCIONAL A CRUZ ROJA MEX', 'FORTALECIMIENTO', 'NO APLICA', 'FMBNMX9071', 'FINALIZADO', ''),
(22, '18LAZ009', 'CONSULTORÍA ESPECIAL LAZOS', 'FORTALECIMIENTO', 'NO APLICA', 'FMBNMX9071', 'FINALIZADO', ''),
(23, '20SAN024', 'ACOMPAÑAMIENTO CONVOCATORIA TRIANUAL', 'FORTALECIMIENTO', 'NO APLICA', 'FMBNMX9071', 'FINALIZADO', ''),
(24, '21SAN012', 'ACOMPAÑAMIENTO CONVOCATORIA TRIANUAL', 'FORTALECIMIENTO', 'NO APLICA', 'FMSANT4991', 'ACTIVO', ''),
(25, '19SAN008', 'ACOMPAÑAMIENTO CONVOCATORIA TRIANUAL SANTANDE', 'FORTALECIMIENTO', 'NO APLICA', 'FMSANT4991', 'FINALIZADO', ''),
(26, '21FMI011', 'RIGOR INSTITUCIONAL', 'FORTALECIMIENTO', 'FORTALECIMIENTO', 'FMBBVA6048', 'ACTIVO', ''),
(27, '20TMS010', 'CONDUCIENDO UN MEXICO MEJOR CON TOYOTA 2020', 'INVERSIÓN SOCIAL', 'NO APLICA', 'FMBANORTE8355', 'ACTIVO', ''),
(28, '19TMS020', 'CONDUCIENDO UN MEXICO MEJOR CON TOYOTA 2019', 'INVERSIÓN SOCIAL', 'NO APLICA', 'FMBANORTE8355', 'ACTIVO', ''),
(29, '18TMS002', 'CONDUCIENDO UN MEXICO MEJOR CON TOYOTA 2018', 'INVERSIÓN SOCIAL', 'NO APLICA', 'FMBANORTE8355', 'FINALIZADO', ''),
(30, '19RDS001', 'PREMIO RAZÓN DE SER 2019', 'INVERSIÓN SOCIAL', 'NO APLICA', 'FMBNMX9071', 'FINALIZADO', 's.palestino@fundacionmerced.org.mx'),
(31, '20RDS001', 'PREMIO RAZÓN DE SER 2020', 'INVERSIÓN SOCIAL', 'NO APLICA', 'FMBNMX9071', 'FINALIZADO', 's.palestino@fundacionmerced.org.mx'),
(32, '21RDS001', 'PREMIO RAZÓN DE SER 2021', 'INVERSIÓN SOCIAL', 'NO APLICA', 'FMBNMX9071', 'ACTIVO', 's.palestino@fundacionmerced.org.mx'),
(33, '19TFS024', 'RODAR PARA AYUDAR 2019', 'INVERSIÓN SOCIAL', 'NO APLICA', 'FMBNMX9071', 'ACTIVO', 's.palestino@fundacionmerced.org.mx'),
(34, '20TFS009', 'RODAR PARA AYUDAR 2020', 'INVERSIÓN SOCIAL', 'NO APLICA', 'FMBNMX9071', 'FINALIZADO', 's.palestino@fundacionmerced.org.mx'),
(35, '21TFS009', 'RODAR PARA AYUDAR 2021', 'INVERSIÓN SOCIAL', 'NO APLICA', 'FMBNMX9071', 'ACTIVO', 's.palestino@fundacionmerced.org.mx'),
(36, '20TFS023', 'ABRIENDO LLAVES 2020', 'INVERSIÓN SOCIAL', 'NO APLICA', 'FMBNMX9071', 'ACTIVO', 's.palestino@fundacionmerced.org.mx'),
(37, '21ROT014', 'A FLUIR 2020', 'INVERSIÓN SOCIAL', 'NO APLICA', 'FMBNMX9071', 'ACTIVO', 's.palestino@fundacionmerced.org.mx'),
(38, 'FMUNGUIA', 'FONDO MUNGUÍA', 'INVERSIÓN SOCIAL', 'NO APLICA', 'FMBNMX9071', 'ACTIVO', 's.palestino@fundacionmerced.org.mx'),
(39, '20TFS037', 'SEGURIDAD ALIMENTARIA COVID-19', 'INVERSIÓN SOCIAL', 'NO APLICA', 'FMBNMX9071', 'FINALIZADO', 's.palestino@fundacionmerced.org.mx'),
(40, '20TFS038', 'DISMUNICIÓN DE INGRESOS, DESEMPLEO Y EDUCACIÓN', 'INVERSIÓN SOCIAL', 'NO APLICA', 'FMBNMX9071', 'ACTIVO', 's.palestino@fundacionmerced.org.mx'),
(41, 'RDC2018', 'PREMIO RAZÓN DE SER', 'INVERSIÓN SOCIAL', 'INVERSIÓN SOCIAL', 'FMBBVA6048', 'FINALIZADO', 'r.trejo@fundacionmerced.org.mx'),
(42, '18RDS012', 'PREMIO RAZÓN DE SER', 'INVERSIÓN SOCIAL', 'INVERSIÓN SOCIAL', 'FMBBVA6048', 'FINALIZADO', 'r.trejo@fundacionmerced.org.mx'),
(43, '21FMI022', 'RIGOR INSTITUCIONAL', 'FORTALECIMIENTO', 'NO APLICA', 'FMBBVA6048', 'ACTIVO', 'r.trejo@fundacionmerced.org.mx'),
(44, '21FMI022.', 'RIGOR INSTITUCIONAL', 'FORTALECIMIENTO', 'NO APLICA', 'FMBBVA1520', 'ACTIVO', 'r.trejo@fundacionmerced.org.mx'),
(45, '18RDS012 A', 'PREMIO RAZÓN DE SER', 'INVERSIÓN SOCIAL', 'NO APLICA', 'FMBNMX9071', 'FINALIZADO', 'r.trejo@fundacionmerced.org.mx'),
(46, '19NMP021', 'ACCIONA. PROGRAMA DE FORTALECIMIENTO DE CAPACIDADES ORGANIZACIONALES', 'FORTALECIMIENTO', 'NO APLICA', 'FMBNMX9071', 'FINALIZADO', 'd.hernandez@fundacionmerced.org.mx'),
(47, '21IDE003', 'IDEAS CONVOCATORIA 2021', 'INVERSIÓN SOCIAL', 'FORTALECIMIENTO', 'FMBNMX9071', 'ACTIVO', 'k.vilchis@fundacionmerced.org.mx'),
(48, '22IDE003', 'IDEAS CONVOCATORIA 2022', 'INVERSIÓN SOCIAL', 'FORTALECIMIENTO', 'FMBNMX9071', 'ACTIVO', 'k.vilchis@fundacionmerced.org.mx'),
(49, '21TMS002', 'CONDUCIENDO UN MEXICO MEJOR CON TOYOTA 2021', 'INVERSIÓN SOCIAL', 'NO APLICA', 'FMBANORTE8355', 'ACTIVO', 'k.vilchis@fundacionmerced.org.mx'),
(50, '18RDS012.', 'PREMIO RAZÓN DE SER 2018', 'INVERSIÓN SOCIAL', 'NO APLICA', 'FMBNMX9071', 'FINALIZADO', 'r.trejo@fundacionmerced.org.mx'),
(51, '18RDS012,', 'PREMIO RAZÓN DE SER 2018', 'INVERSIÓN SOCIAL', 'INVERSIÓN SOCIAL', 'FMBNMX9071', 'FINALIZADO', 'r.trejo@fundacionmerced.org.mx'),
(52, '21FMI022,', 'RIGOR INSTITUCIONAL', 'FORTALECIMIENTO', 'NO APLICA', 'FMBANORTE8903', 'ACTIVO', 'r.trejo@fundacionmerced.org.mx'),
(53, '21GGI029', 'APOYO ALIMENTARIO PARA COMUNIDADES DE SONORA Y CHIHUAHUA', 'INVERSIÓN SOCIAL', 'NO APLICA', 'FMBNMX9071', 'FINALIZADO', 'd.hernandez@fundacionmerced.org.mx'),
(54, '19ADO014', 'COMUNIDAD DE APRENDIZAJE LAB3', 'FORTALECIMIENTO', 'FORMACIÓN', 'FMBANORTE8903', 'ACTIVO', 'r.trejo@fundacionmerced.org.mx'),
(55, '20TMS029', 'APOYEMOS A NUESTROS HÉROES', 'INVERSIÓN SOCIAL', 'NO APLICA', 'FMBBVA6048', 'FINALIZADO', 'd.hernandez@fundacionmerced.org.mx'),
(56, '21TFS005', 'ABRIENDO LLAVES 2021', 'INVERSIÓN SOCIAL', 'NO APLICA', 'FMBNMX9071', 'ACTIVO', 's.palestino@fundacionmerced.org.mx'),
(57, '21VWM038', 'ACELERAR EL CAMBIO', 'INVERSIÓN SOCIAL', 'NO APLICA', 'FMBNMX9071', 'ACTIVO', 's.palestino@fundacionmerced.org.mx');

--
-- Índices para tablas volcadas
--

--
-- Indices de la tabla `admon_file`
--
ALTER TABLE `admon_file`
  ADD PRIMARY KEY (`id_admon`),
  ADD UNIQUE KEY `id_admon_UNIQUE` (`id_admon`),
  ADD KEY `fk_admon_file_organization1_idx` (`id_organization`);

--
-- Indices de la tabla `consultor`
--
ALTER TABLE `consultor`
  ADD PRIMARY KEY (`id_consultor`),
  ADD UNIQUE KEY `id_consultor_UNIQUE` (`id_consultor`),
  ADD UNIQUE KEY `rfc_UNIQUE` (`rfc`);

--
-- Indices de la tabla `contact`
--
ALTER TABLE `contact`
  ADD PRIMARY KEY (`id_contact`),
  ADD UNIQUE KEY `id_contact_UNIQUE` (`id_contact`),
  ADD KEY `fk_contact_organization_idx` (`id_organization`);

--
-- Indices de la tabla `employee`
--
ALTER TABLE `employee`
  ADD PRIMARY KEY (`id_employee`),
  ADD UNIQUE KEY `id_employee_UNIQUE` (`id_employee`);

--
-- Indices de la tabla `fort_participation`
--
ALTER TABLE `fort_participation`
  ADD PRIMARY KEY (`id_part`),
  ADD UNIQUE KEY `id_part_UNIQUE` (`id_part`),
  ADD KEY `fk_fort_participation_organization1_idx` (`id_organization`),
  ADD KEY `fk_fort_participation_program1_idx` (`id_program`),
  ADD KEY `fk_fort_participation_consultor1_idx` (`id_consultor`);

--
-- Indices de la tabla `invsoc_participation`
--
ALTER TABLE `invsoc_participation`
  ADD PRIMARY KEY (`id_partIS`),
  ADD UNIQUE KEY `id_partIS_UNIQUE` (`id_partIS`),
  ADD KEY `fk_invsoc_participation_organization1_idx` (`id_organization`),
  ADD KEY `fk_invsoc_participation_program1_idx` (`id_program`),
  ADD KEY `fk_invsoc_participation_consultor1_idx` (`id_consultor`);

--
-- Indices de la tabla `organization`
--
ALTER TABLE `organization`
  ADD PRIMARY KEY (`id_organization`),
  ADD UNIQUE KEY `id_organization_UNIQUE` (`id_organization`),
  ADD UNIQUE KEY `rfc_UNIQUE` (`rfc`);

--
-- Indices de la tabla `program`
--
ALTER TABLE `program`
  ADD PRIMARY KEY (`id_program`),
  ADD UNIQUE KEY `id_program_UNIQUE` (`id_program`),
  ADD UNIQUE KEY `program_code_UNIQUE` (`program_code`);

--
-- AUTO_INCREMENT de las tablas volcadas
--

--
-- AUTO_INCREMENT de la tabla `admon_file`
--
ALTER TABLE `admon_file`
  MODIFY `id_admon` int(10) UNSIGNED NOT NULL AUTO_INCREMENT;

--
-- AUTO_INCREMENT de la tabla `consultor`
--
ALTER TABLE `consultor`
  MODIFY `id_consultor` int(10) UNSIGNED NOT NULL AUTO_INCREMENT, AUTO_INCREMENT=36;

--
-- AUTO_INCREMENT de la tabla `contact`
--
ALTER TABLE `contact`
  MODIFY `id_contact` int(10) UNSIGNED NOT NULL AUTO_INCREMENT;

--
-- AUTO_INCREMENT de la tabla `employee`
--
ALTER TABLE `employee`
  MODIFY `id_employee` int(10) UNSIGNED NOT NULL AUTO_INCREMENT, AUTO_INCREMENT=12;

--
-- AUTO_INCREMENT de la tabla `fort_participation`
--
ALTER TABLE `fort_participation`
  MODIFY `id_part` int(10) UNSIGNED NOT NULL AUTO_INCREMENT, AUTO_INCREMENT=42;

--
-- AUTO_INCREMENT de la tabla `invsoc_participation`
--
ALTER TABLE `invsoc_participation`
  MODIFY `id_partIS` int(10) UNSIGNED NOT NULL AUTO_INCREMENT, AUTO_INCREMENT=38;

--
-- AUTO_INCREMENT de la tabla `organization`
--
ALTER TABLE `organization`
  MODIFY `id_organization` int(10) UNSIGNED NOT NULL AUTO_INCREMENT, AUTO_INCREMENT=153;

--
-- AUTO_INCREMENT de la tabla `program`
--
ALTER TABLE `program`
  MODIFY `id_program` int(10) UNSIGNED NOT NULL AUTO_INCREMENT, AUTO_INCREMENT=58;

--
-- Restricciones para tablas volcadas
--

--
-- Filtros para la tabla `admon_file`
--
ALTER TABLE `admon_file`
  ADD CONSTRAINT `fk_admon_file_organization1` FOREIGN KEY (`id_organization`) REFERENCES `organization` (`id_organization`) ON DELETE NO ACTION ON UPDATE NO ACTION;

--
-- Filtros para la tabla `contact`
--
ALTER TABLE `contact`
  ADD CONSTRAINT `fk_contact_organization` FOREIGN KEY (`id_organization`) REFERENCES `organization` (`id_organization`) ON DELETE NO ACTION ON UPDATE NO ACTION;

--
-- Filtros para la tabla `fort_participation`
--
ALTER TABLE `fort_participation`
  ADD CONSTRAINT `fk_fort_participation_consultor1` FOREIGN KEY (`id_consultor`) REFERENCES `consultor` (`id_consultor`) ON DELETE NO ACTION ON UPDATE NO ACTION,
  ADD CONSTRAINT `fk_fort_participation_organization1` FOREIGN KEY (`id_organization`) REFERENCES `organization` (`id_organization`) ON DELETE NO ACTION ON UPDATE NO ACTION,
  ADD CONSTRAINT `fk_fort_participation_program1` FOREIGN KEY (`id_program`) REFERENCES `program` (`id_program`) ON DELETE NO ACTION ON UPDATE NO ACTION;

--
-- Filtros para la tabla `invsoc_participation`
--
ALTER TABLE `invsoc_participation`
  ADD CONSTRAINT `fk_invsoc_participation_consultor1` FOREIGN KEY (`id_consultor`) REFERENCES `consultor` (`id_consultor`) ON DELETE NO ACTION ON UPDATE NO ACTION,
  ADD CONSTRAINT `fk_invsoc_participation_organization1` FOREIGN KEY (`id_organization`) REFERENCES `organization` (`id_organization`) ON DELETE NO ACTION ON UPDATE NO ACTION,
  ADD CONSTRAINT `fk_invsoc_participation_program1` FOREIGN KEY (`id_program`) REFERENCES `program` (`id_program`) ON DELETE NO ACTION ON UPDATE NO ACTION;
COMMIT;

/*!40101 SET CHARACTER_SET_CLIENT=@OLD_CHARACTER_SET_CLIENT */;
/*!40101 SET CHARACTER_SET_RESULTS=@OLD_CHARACTER_SET_RESULTS */;
/*!40101 SET COLLATION_CONNECTION=@OLD_COLLATION_CONNECTION */;
